way_name,color,way_text,photo_link,map_link
–º–∞—Ä—à—Ä—É—Ç_–∫1,–∫—Ä–∞—Å–Ω—ã–π,"–ö—Ä–∞—Å–Ω—ã–π –º–∞—Ä—à—Ä—É—Ç 1 ‚ù§Ô∏è

–ú—ã –ø—Ä–µ–¥–ª–∞–≥–∞–µ–º –≤–∞–º –æ—Ä–∏–≥–∏–Ω–∞–ª—å–Ω—ã–π –º–∞—Ä—à—Ä—É—Ç –ø–æ –ú–æ—Å–∫–≤–µ, –∫–æ—Ç–æ—Ä—ã–π –º–æ–∂–µ—Ç –ø–æ–Ω—Ä–∞–≤–∏—Ç—å—Å—è –ª—é–¥—è–º —Å –∫—Ä–∞—Å–Ω—ã–º —Ü–≤–µ—Ç–æ–º –Ø–Ω–¥–µ–∫—Å.–í–æ–ª–Ω—ã

–ù–∞—á–∏–Ω–∞–µ–º –≤–µ—á–µ—Ä —Å —è—Ä–∫–∏—Ö —ç–º–æ—Ü–∏–π –≤ –æ–¥–Ω–æ–º –∏–∑ —Å–∞–º—ã—Ö –Ω–µ–æ—Ä–¥–∏–Ω–∞—Ä–Ω—ã—Ö –∑–∞–≤–µ–¥–µ–Ω–∏–π –ú–æ—Å–∫–≤—ã - –ú–æ—Å–∫–æ–≤—Å–∫–∏–π –ø–ª–∞–Ω–µ—Ç–∞—Ä–∏–π
–ó–¥–µ—Å—å –º–æ–∂–Ω–æ –æ–∫—É–Ω—É—Ç—å—Å—è –≤ —É–¥–∏–≤–∏—Ç–µ–ª—å–Ω—ã–π –º–∏—Ä –∑–≤—ë–∑–¥ –∏ –∫–æ—Å–º–æ—Å–∞. –ü–æ—Å–µ—â–µ–Ω–∏–µ –ø–ª–∞–Ω–µ—Ç–∞—Ä–∏—è ‚Äî —ç—Ç–æ –≤–æ–∑–º–æ–∂–Ω–æ—Å—Ç—å —É–≤–∏–¥–µ—Ç—å –∑–≤—ë–∑–¥–Ω–æ–µ –Ω–µ–±–æ –∫–∞–∫ –º–æ–∂–Ω–æ –±–ª–∏–∂–µ –∏ —É–∑–Ω–∞—Ç—å –º–Ω–æ–∂–µ—Å—Ç–≤–æ –∏–Ω—Ç–µ—Ä–µ—Å–Ω—ã—Ö —Ñ–∞–∫—Ç–æ–≤ –æ –í—Å–µ–ª–µ–Ω–Ω–æ–π.
üìå –°–∞–¥–æ–≤–∞—è-–ö—É–¥—Ä–∏–Ω—Å–∫–∞—è —É–ª., 5

–ü–æ—Å–ª–µ –ø–æ—Å–µ—â–µ–Ω–∏—è –ø–ª–∞–Ω–µ—Ç–∞—Ä–∏—è –ø—Ä–æ–π–¥–µ–º –≤—Å–µ–≥–æ –Ω–µ—Å–∫–æ–ª—å–∫–æ –º–∏–Ω—É—Ç –ø–µ—à–∫–æ–º –¥–æ Balzi Rossi ‚Äî –æ—Ä–∏–≥–∏–Ω–∞–ª—å–Ω–æ–≥–æ –∑–∞–≤–µ–¥–µ–Ω–∏—è —Å –º–∏–Ω–∏–º–∞–ª–∏—Å—Ç–∏—á–Ω—ã–º –¥–∏–∑–∞–π–Ω–æ–º, –≤–µ–ª–∏–∫–æ–ª–µ–ø–Ω–æ–π –µ–¥–æ–π –∏ –∑–∞–≥–∞–¥–æ—á–Ω–æ–π –∞—Ç–º–æ—Å—Ñ–µ—Ä–æ–π. –û–±—è–∑–∞—Ç–µ–ª—å–Ω–æ –ø–æ–ø—Ä–æ–±—É–π—Ç–µ —á–∞–π —Å –∂–∞—Å–º–∏–Ω–æ–º –∏ –º–µ–¥ –∏–∑ –ª–µ—Å–Ω—ã—Ö —Ç—Ä–∞–≤
üìå –ö—É–¥—Ä–∏–Ω—Å–∫–∞—è –ø–ª–æ—â–∞–¥—å, 1

–ó–∞–∫–∞–Ω—á–∏–≤–∞–µ–º –≤–µ—á–µ—Ä –≤ –∫–∞—Ñ–µ. –ò–¥–µ–º —Ç—É–¥–∞ –Ω–µ –ø–æ–µ—Å—Ç—å, –∞ –Ω–∞—Å–ª–∞–¥–∏—Ç—å—Å—è –∞—Ç–º–æ—Å—Ñ–µ—Ä–æ–π –∏ –≤–∑—è—Ç—å –¥–µ—Å–µ—Ä—Ç. ¬´Tears of¬ª - —Å—Ç–∏–ª—å–Ω–æ–µ –∏ —Å–æ–≤—Ä–µ–º–µ–Ω–Ω–æ–µ –∑–∞–≤–µ–¥–µ–Ω–∏–µ 
üìå –ë–æ–ª—å—à–∞—è –ù–∏–∫–∏—Ç—Å–∫–∞—è —É–ª., 49

–õ—é–¥–∏ —Å –∫—Ä–∞—Å–Ω–æ–π –º—É–∑—ã–∫–æ–π –≤ –¥—É—à–µ –æ—Ü–µ–Ω—è—Ç —ç—Ç–æ—Ç –∫–æ–Ω—Ç—Ä–∞—Å—Ç ‚Äî —Å–ø–æ–∫–æ–π—Å—Ç–≤–∏–µ –≤–º–µ—Å—Ç–µ —Å  —ç–Ω–µ—Ä–≥–∏–µ–π –¥–Ω—è, –∫–æ—Ç–æ—Ä–æ–µ –ø–æ–∑–≤–æ–ª–∏—Ç –∑–∞–≤–µ—Ä—à–∏—Ç—å –≤–µ—á–µ—Ä –Ω–∞ –ø–æ–∑–∏—Ç–∏–≤–Ω–æ–π –∏ –≥–∞—Ä–º–æ–Ω–∏—á–Ω–æ–π –Ω–æ—Ç–µ.

–≠—Ç–æ—Ç –º–∞—Ä—à—Ä—É—Ç ‚Äî –Ω–∞—Å—Ç–æ—è—â–∏–π –∫–æ–∫—Ç–µ–π–ª—å –∏–∑ —è—Ä–∫–∏—Ö –∏ –Ω–µ–æ–∂–∏–¥–∞–Ω–Ω—ã—Ö –≤–ø–µ—á–∞—Ç–ª–µ–Ω–∏–π –¥–ª—è —Ç–µ—Ö, –∫—Ç–æ –ª—é–±–∏—Ç –¥–∏–Ω–∞–º–∏–∫—É –∏ –Ω–µ–æ–±—ã—á–Ω—ã–µ –º–µ—Å—Ç–∞.",https://disk.yandex.ru/i/KgotECU4gql-fg,"https://yandex.ru/maps?rtext=55.761392,37.583571~55.759550,37.581504~55.757769,37.588880&rtt=pd"
–º–∞—Ä—à—Ä—É—Ç_–∫2,–∫—Ä–∞—Å–Ω—ã–π,"–ö—Ä–∞—Å–Ω—ã–π –º–∞—Ä—à—Ä—É—Ç 2 ‚ù§Ô∏è

–£–≤–ª–µ–∫–∞—Ç–µ–ª—å–Ω—ã–π –º–∞—Ä—à—Ä—É—Ç –ø–æ –æ—Ä–∏–≥–∏–Ω–∞–ª—å–Ω—ã–º –º–µ—Å—Ç–∞–º –Ω–∞ –º–µ—Ç—Ä–æ –ö—Ä–æ–ø–æ—Ç–∫–∏–Ω—Å–∫–∞—è –¥–ª—è –ª—é–±–∏—Ç–µ–ª–µ–π —ç–Ω–µ—Ä–≥–∏—á–Ω–æ–π –º—É–∑—ã–∫–∏ –∏ –∞–∫—Ç–∏–≤–Ω–æ–≥–æ –æ–±—Ä–∞–∑–∞ –∂–∏–∑–Ω–∏.

–ù–∞—á–∏–Ω–∞–µ–º –ø—Ä–æ–≥—É–ª–∫—É —Å–æ —Å–≤–∏–¥–∞–Ω–∏—è —Å –∏—Å–∫—É—Å—Å—Ç–≤–æ–º –≤ –ú–ê–ú–ú - –∫–æ–Ω—Ü–µ–ø—Ç—É–∞–ª—å–Ω–æ–º –≤—ã—Å—Ç–∞–≤–æ—á–Ω–æ–º –ø—Ä–æ—Å—Ç—Ä–∞–Ω—Å—Ç–≤–µ –∏–∑ —Å–µ–º–∏ —ç—Ç–∞–∂–µ–π (!). –¢–∞–º —Ç–æ—á–Ω–æ –º–æ–∂–Ω–æ —Å–¥–µ–ª–∞—Ç—å –∫—Ä–∞—Å–∏–≤—ã–µ —Ñ–æ—Ç–æ–≥—Ä–∞—Ñ–∏–∏, –Ω–∞—Å–ª–∞–¥–∏—Ç—å—Å—è —Å–æ–≤—Ä–µ–º–µ–Ω–Ω—ã–º –∏—Å–∫—É—Å—Å—Ç–≤–æ–º –∏ —Å–º–µ–Ω–∏—Ç—å —Ä—É—Ç–∏–Ω–Ω—É—é –æ–±—Å—Ç–∞–Ω–æ–≤–∫—É. 
üìå —É–ª. –û—Å—Ç–æ–∂–µ–Ω–∫–∞, 16 (–ø–æ–¥—ä–µ–∑–¥ 1)

–ü–æ—Å–ª–µ –∫—É–ª—å—Ç—É—Ä–Ω–æ–≥–æ –ø—Ä–æ—Å–≤–µ—â–µ–Ω–∏—è —Ö–æ—á–µ—Ç—Å—è —á–µ–≥–æ-—Ç–æ –ø—Ä–æ—Å—Ç–æ–≥–æ - –ø–æ–µ—Å—Ç—å. –ò–¥–µ–º –≤ Yaffo - –∑–∞–≤–µ–¥–µ–Ω–∏–µ —Å –∏–∑—Ä–∞–∏–ª—å—Å–∫–æ–π –∫—É—Ö–Ω–µ–π, –Ω–µ–¥–∞–ª–µ–∫–æ –æ—Ç –ü–∞—Ä–∫–∞ –ì–æ—Ä—å–∫–æ–≥–æ. –¢–∞–º –º–æ–∂–Ω–æ –∑–∞–∫–∞–∑–∞—Ç—å –ø–∏—Ç—É —Å —á–∏–∑–±—É—Ä–≥–µ—Ä–æ–º –∏–ª–∏ –∫—é—Ñ—Ç–æ–π. 
üìå –ö—Ä—ã–º—Å–∫–∞—è –Ω–∞–±–µ—Ä–µ–∂–Ω–∞—è, 10—Å5

–ò–ª–∏ –º–æ–∂–µ—Ç–µ –∑–∞–≥–ª—è–Ω—É—Ç—å –≤ V–∞–Ω–∏–ª—å - —Ä–µ—Å—Ç–æ—Ä–∞–Ω —Å –¥–æ–º–∞—à–Ω–µ–π, –Ω–æ –ª–∞–∫–æ–Ω–∏—á–Ω–æ–π –æ–±—Å—Ç–∞–Ω–æ–≤–∫–æ–π: –±–æ–ª—å—à–æ–π –∫–∞–º–∏–Ω, –∑–µ—Ä–∫–∞–ª–∞, –∫—Ä–∞—Å–∏–≤–∞—è —Å–µ—Ä–≤–∏—Ä–æ–≤–∫–∞ —Å—Ç–æ–ª–∞
üìå —É–ª. –û—Å—Ç–æ–∂–µ–Ω–∫–∞, 1/9 (—ç—Ç–∞–∂ 1)

–ó–∞–≤–µ—Ä—à–∞–µ–º –¥–µ–Ω—å –≤ –ø–∞—Ä–∫–µ –ú—É–∑–µ–æ–Ω, —Ä–∞—Å–ø–æ–ª–æ–∂–µ–Ω–Ω–æ–º –Ω–∞ –±–µ—Ä–µ–≥—É —Ä–µ–∫–∏ –≥–æ—Ä–æ–¥–∞-–≥–µ—Ä–æ—è –ú–æ—Å–∫–≤—ã, –≥—É–ª—è—è –º–µ–∂–¥—É –±–æ–≥–∞—Ç–æ–π –∫–æ–ª–ª–µ–∫—Ü–∏–µ–π —Å–∫—É–ª—å–ø—Ç—É—Ä 
üìå 700–º –æ—Ç –º–µ—Ç—Ä–æ –û–∫—Ç—è–±—Ä—å—Å–∫–∞—è

–¢–∞–∫–æ–π –º–∞—Ä—à—Ä—É—Ç —Ç–æ—á–Ω–æ –Ω–µ –æ—Å—Ç–∞–≤–∏—Ç —Ä–∞–≤–Ω–æ–¥—É—à–Ω—ã–º–∏ –ª—é–¥–µ–π —Å –∫—Ä–∞—Å–Ω—ã–º —Ü–≤–µ—Ç–æ–º –ø–µ—Å–µ–Ω! –í—Å–µ –º–µ—Å—Ç–∞ —Ä–æ–º–∞–Ω—Ç–∏—á–Ω—ã –∏ –ø—Ä–µ–∫—Ä–∞—Å–Ω—ã –ø–æ-—Å–≤–æ–µ–º—É.",https://disk.yandex.ru/i/Hlagfwh1Rgzf6A,"https://yandex.ru/maps?rtext=55.741662,37.598789~55.744125,37.602203~55.738789,37.610523~55.733055,37.604646&rtt=pd"
–º–∞—Ä—à—Ä—É—Ç_–∫3,–∫—Ä–∞—Å–Ω—ã–π,"–ö—Ä–∞—Å–Ω—ã–π –º–∞—Ä—à—Ä—É—Ç 3‚ù§Ô∏è

–í–æ—Ç –æ—á–µ—Ä–µ–¥–Ω–æ–π –º–∞—Ä—à—Ä—É—Ç –ø—Ä–æ–≥—É–ª–∫–∏ –¥–ª—è –ª—é–±–∏—Ç–µ–ª–µ–π –¥—Ä–∞–π–≤–∞ –∏ —É–≤–ª–µ–∫–∞—Ç–µ–ª—å–Ω—ã—Ö –ø—Ä–∏–∫–ª—é—á–µ–Ω–∏–π. –°–µ–≥–æ–¥–Ω—è –±—É–¥–µ–º –≥—É–ª—è—Ç—å –ø–æ –º–µ—Ç—Ä–æ –ù–æ–≤–æ—Å–ª–æ–±–æ–¥—Å–∫–∞—è.

–ù–∞—á–Ω–µ–º –¥–µ–Ω—å —Å –ø–æ—Å–µ—â–µ–Ω–∏—è –∫–∞—Ñ–µ –ö—É–ª—å—Ç—É—Ä–Ω—ã–π –∫–æ–¥, –õ—É—á—à–µ –ø–æ—Å–µ—â–∞—Ç—å –µ–≥–æ –≤ —Å–µ–∑–æ–Ω –≤–µ—Ä–∞–Ω–¥. –ó–¥–µ—Å—å —Ü–∞—Ä–∏—Ç –µ–≤—Ä–æ–ø–µ–π—Å–∫–∞—è –∞—Ç–º–æ—Å—Ñ–µ—Ä–∞. –°–æ–≤–µ—Ç—É–µ–º –≤–∑—è—Ç—å —ç—Å–ø—Ä–µ—Å—Å–æ-—Ç–æ–Ω–∏–∫ –∏ –≤–∑–±–æ–¥—Ä–∏—Ç—å—Å—è —Å —è—Ä–∫–æ–π –º—É–∑—ã–∫–æ–π –≤ —É—à–∞—Ö.
üìå —É–ª. –ß–∞—è–Ω–æ–≤–∞, 12

–î–∞–ª–µ–µ –¥–≤–∏–≥–∞–µ–º—Å—è –∫ –¥–µ–ø–æ, —á—Ç–æ–±—ã –∑–∞ –≤—Ä–µ–º—è –ø—Ä–æ–≥—É–ª–∫–∏ —É—Å–ø–µ—Ç—å –ø—Ä–æ–≥–æ–ª–æ–¥–∞—Ç—å—Å—è. –î–µ–ø–æ - –æ–¥–∏–Ω –∏–∑ –≥–ª–∞–≤–Ω—ã—Ö —Ñ—É–¥–º–æ–ª–ª–æ–≤ –ú–æ—Å–∫–≤—ã, –ø—Ä–æ—Å—Ç–æ—Ä–Ω—ã–π –∏ —Å—Ç–∏–ª—å–Ω—ã–π, –æ–≥—Ä–æ–º–Ω—ã–π –≤—ã–±–æ—Ä –∑–∞–≤–µ–¥–µ–Ω–∏–π –Ω–∞ –ª—é–±–æ–π –≤–∫—É—Å, –¥–ª—è –¥–µ—Ç–µ–π –µ—Å—Ç—å –æ—Ç–ª–∏—á–Ω–∞—è –∏–≥—Ä–æ–≤–∞—è ¬´–ï–Ω–æ—Ç –∏ –∫—Ä—ã–∂–æ–≤–Ω–∏–∫¬ª (–Ω–∞ —Å—Ç–æ–π–∫–µ –∏–Ω—Ñ–æ—Ä–º–∞—Ü–∏–∏ –±—ã–≤–∞—é—Ç —Ñ–ª–∞–µ—Ä—ã –Ω–∞ —Å–∫–∏–¥–∫—É –≤–ø–µ—Ä–≤–æ–µ –ø–æ—Å–µ—â–µ–Ω–∏–µ). –≠—Ç–æ –º–µ—Å—Ç–æ —Ç–æ—á–Ω–æ –ø–æ–¥–æ–π–¥–µ—Ç —Ç–µ–º, –∫—Ç–æ –Ω–µ –±–æ–∏—Ç—Å—è –ª—é–¥–Ω—ã—Ö –º–µ—Å—Ç –∏ —á–∞—Å—Ç–æ –±—ã–≤–∞–µ—Ç –≤ –∫–æ–º–ø–∞–Ω–∏–∏. 
üìå –õ–µ—Å–Ω–∞—è —É–ª., 20, —Å—Ç—Ä. 3 (–ø–æ–¥—ä–µ–∑–¥ 1)

–ó–∞–≤–µ—Ä—à–∞–µ–º –ø—Ä–æ–≥—É–ª–∫—É –≤ –ø–∞—Ä–∫–µ –ù–æ–≤–æ—Å–ª–æ–±–æ–¥—Å–∫–∏–π, –≥–¥–µ –º–æ–∂–Ω–æ –ø–æ–∏–≥—Ä–∞—Ç—å –≤ —Ç–µ–Ω–Ω–∏—Å –∏ –∑–∞–∫–æ–Ω—á–∏—Ç—å –¥–µ–Ω—å –∞–∫—Ç–∏–≤–Ω–æ. –ú–∏–ª—ã–π, —É—é—Ç–Ω—ã–π –ø–∞—Ä–∫ —Å –∏–Ω—Ç–µ—Ä–µ—Å–Ω—ã–º–∏ —ç–ª–µ–º–µ–Ω—Ç–∞–º–∏ –¥–µ–∫–æ—Ä–∞.
üìå 500 –º –æ—Ç –º–µ—Ç—Ä–æ –°–∞–≤–µ–ª–æ–≤—Å–∫–∞—è",https://disk.yandex.ru/i/IJb8ved7S8JEcQ,"https://yandex.ru/maps?rtext=55.775949,37.595642~55.780214,37.592969~55.791218,37.595977&rtt=pd"
–º–∞—Ä—à—Ä—É—Ç_–æ1,–æ—Ä–∞–Ω–∂–µ–≤—ã–π,"–û—Ä–∞–Ω–∂–µ–≤—ã–π –º–∞—Ä—à—Ä—É—Ç 1 üß°

–≠—Ç–æ –º–∞—Ä—à—Ä—É—Ç –¥–ª—è —Ç–µ—Ö, –∫—Ç–æ –ª—é–±–∏—Ç —Ç–≤–æ—Ä—á–µ—Å—Ç–≤–æ, –≤ –æ—Å–æ–±–µ–Ω–Ω–æ—Å—Ç–∏ –∞—Ä—Ö–∏—Ç–µ–∫—Ç—É—Ä—É. –ù–∞—á–Ω–µ–º —Å –∫—Ä–µ–∞—Ç–∏–≤–Ω–æ–≥–æ –ø—Ä–æ—Å—Ç—Ä–∞–Ω—Å—Ç–≤–∞ –∏ –∑–∞–∫–æ–Ω—á–∏–º –ø–æ–≥—Ä—É–∂–µ–Ω–∏–µ–º –≤ —Å–æ–≤—Ä–µ–º–µ–Ω–Ω–æ–µ –∏—Å–∫—É—Å—Å—Ç–≤–æ.

–í—ã—Ö–æ–¥–∏–º –Ω–∞ —Å—Ç–∞–Ω—Ü–∏–∏ –º–µ—Ç—Ä–æ –£–ª–∏—Ü–∞ 1905 –≥–æ–¥–∞. 
–û—Ç–ø—Ä–∞–≤–Ω–∞—è —Ç–æ—á–∫–∞ - –¢—Ä–µ—Ö–≥–æ—Ä–Ω–æ–π –º–∞–Ω—É—Ñ–∞–∫—Ç—É—Ä–∞ ‚Äî —ç—Ç–æ –º–µ—Å—Ç–æ, —Å–æ—á–µ—Ç–∞—é—â–µ–µ –∏—Å—Ç–æ—Ä–∏—é –∏ —Å–æ–≤—Ä–µ–º–µ–Ω–Ω—ã–µ –∞—Ä—Ç-–ø—Ä–æ–µ–∫—Ç—ã. –ó–¥–µ—Å—å —Ä–µ–≥—É–ª—è—Ä–Ω–æ –ø—Ä–æ–≤–æ–¥—è—Ç—Å—è –≤—ã—Å—Ç–∞–≤–∫–∏, —Ç–≤–æ—Ä—á–µ—Å–∫–∏–µ –º–∞—Å—Ç–µ—Ä-–∫–ª–∞—Å—Å—ã –∏ —è—Ä–º–∞—Ä–∫–∏, —á—Ç–æ –¥–µ–ª–∞–µ—Ç –µ–≥–æ –∏–¥–µ–∞–ª—å–Ω—ã–º –¥–ª—è –ª—é–±–∏—Ç–µ–ª–µ–π –∏—Å–∫—É—Å—Å—Ç–≤–∞ –∏ –Ω–æ–≤—ã—Ö –∏–¥–µ–π. –ü—Ä–æ–≥—É–ª–∏–≤–∞—è—Å—å –ø–æ —Ç–µ—Ä—Ä–∏—Ç–æ—Ä–∏–∏, –º–æ–∂–Ω–æ –ø–æ—á—É–≤—Å—Ç–≤–æ–≤–∞—Ç—å –∞—Ç–º–æ—Å—Ñ–µ—Ä—É –∏–Ω–¥—É—Å—Ç—Ä–∏–∞–ª—å–Ω–æ–≥–æ –ø—Ä–æ—à–ª–æ–≥–æ, –ø–µ—Ä–µ–ø–ª–µ—Ç–µ–Ω–Ω–æ–≥–æ —Å –¥—É—Ö–æ–º —Å–æ–≤—Ä–µ–º–µ–Ω–Ω–æ–≥–æ –∏—Å–∫—É—Å—Å—Ç–≤–∞.
üìå —É–ª. –†–æ—á–¥–µ–ª—å—Å–∫–∞—è, 15

–ó–∞—Ç–µ–º –æ—Ç–ø—Ä–∞–≤–ª—è–µ–º—Å—è –Ω–∞ –æ–±–µ–¥ –≤ —Ä–µ—Å—Ç–æ—Ä–∞–Ω ‚Äú–ö–∞–∑–±–µ–∫‚Äù, –∫–æ—Ç–æ—Ä—ã–π –ø–æ—Ä–∞–¥—É–µ—Ç –Ω–∞—Å –∞—Ç–º–æ—Å—Ñ–µ—Ä–Ω–æ–π –≥—Ä—É–∑–∏–Ω—Å–∫–æ–π –∫—É—Ö–Ω–µ–π. –ó–¥–µ—Å—å –º–æ–∂–Ω–æ –ø–æ–ø—Ä–æ–±–æ–≤–∞—Ç—å —Ç—Ä–∞–¥–∏—Ü–∏–æ–Ω–Ω—ã–µ –±–ª—é–¥–∞, —Ç–∞–∫–∏–µ –∫–∞–∫ —Ö–∏–Ω–∫–∞–ª–∏ –∏–ª–∏ —Ö–∞—á–∞–ø—É—Ä–∏, –∏ –Ω–∞—Å–ª–∞–¥–∏—Ç—å—Å—è –¥—É—à–µ–≤–Ω–æ–π –æ–±—Å—Ç–∞–Ω–æ–≤–∫–æ–π. 
üìå —É–ª. –†–æ—á–¥–µ–ª—å—Å–∫–∞—è, 15 (–≤ –ø–µ—à–µ–π –¥–æ—Å—Ç—É–ø–Ω–æ—Å—Ç–∏ –æ—Ç –¢—Ä–µ—Ö–≥–æ—Ä–Ω–æ–π –º–∞–Ω—É—Ñ–∞–∫—Ç—É—Ä—ã)

–ó–∞–≤–µ—Ä—à–∏–º –º–∞—Ä—à—Ä—É—Ç –≤ –ì–∞–ª–µ—Ä–µ–µ –ù–∏–∫–æ ‚Äî –≥–∞–ª–µ—Ä–µ–µ —Å–æ–≤—Ä–µ–º–µ–Ω–Ω–æ–≥–æ –∏—Å–∫—É—Å—Å—Ç–≤–∞. –í —ç—Ç–æ–º —É–Ω–∏–∫–∞–ª—å–Ω–æ–º –ø—Ä–æ—Å—Ç—Ä–∞–Ω—Å—Ç–≤–µ –ø—Ä–µ–¥—Å—Ç–∞–≤–ª–µ–Ω—ã —Ä–∞–±–æ—Ç—ã –ù–∏–∫–æ–ª–∞—è –ù–∏–∫–æ–≥–æ—Å—è–Ω–∞, –∞ —Ç–∞–∫–∂–µ –ø—Ä–æ–≤–æ–¥—è—Ç—Å—è –∫–∞–º–µ—Ä–Ω—ã–µ –∫–æ–Ω—Ü–µ—Ä—Ç—ã. –≠—Ç–æ –æ—Ç–ª–∏—á–Ω–æ–µ –º–µ—Å—Ç–æ –¥–ª—è —Ç–µ—Ö, –∫—Ç–æ –∏—â–µ—Ç –Ω–æ–≤—ã–µ –≤–ø–µ—á–∞—Ç–ª–µ–Ω–∏—è –∏ –≤–¥–æ—Ö–Ω–æ–≤–µ–Ω–∏–µ.
üìå –ë–æ–ª—å—à–æ–π –¢–∏—à–∏–Ω—Å–∫–∏–π –ø–µ—Ä–µ—É–ª–æ–∫, 19, —Å—Ç—Ä. 1

–ü–æ—Å–ª–µ —Ç–∞–∫–æ–≥–æ –º–∞—Ä—à—Ä—É—Ç–∞ —É –≤–∞—Å –æ—Å—Ç–∞–Ω–µ—Ç—Å—è –º–æ—Ä–µ —Ç–µ–ø–ª—ã—Ö –∏ —Ä–∞–¥–æ—Å—Ç–Ω—ã—Ö –≤–ø–µ—á–∞—Ç–ª–µ–Ω–∏–π, –æ –∫–æ—Ç–æ—Ä—ã—Ö –≤—ã –±—É–¥–µ—Ç–µ –≤—Å–ø–æ–º–∏–Ω–∞—Ç—å, –≤–∫–ª—é—á–∞—è —Ç—Ä–µ–∫–∏ –≤–∞—à–µ–π –æ—Ä–∞–Ω–∂–µ–≤–æ–π –Ø–Ω–¥–µ–∫—Å.–í–æ–ª–Ω—ã.

",https://disk.yandex.ru/i/acz6ILW2xN5hug,"https://yandex.ru/maps?rtext=55.756891,37.566216~55.754913,37.560348~55.768587,37.575674&rtt=pd"
–º–∞—Ä—à—Ä—É—Ç_–æ2,–æ—Ä–∞–Ω–∂–µ–≤—ã–π,"–û—Ä–∞–Ω–∂–µ–≤—ã–π –º–∞—Ä—à—Ä—É—Ç 2üß°

–≠—Ç–æ—Ç –º–∞—Ä—à—Ä—É—Ç —Å–æ–∑–¥–∞–Ω –¥–ª—è –ª—é–±–∏—Ç–µ–ª–µ–π —Å–æ–≤—Ä–µ–º–µ–Ω–Ω–æ–≥–æ –∏—Å–∫—É—Å—Å—Ç–≤–∞ –∏ –Ω–µ–æ–±—ã—á–Ω—ã—Ö –ø—Ä–æ—Å—Ç—Ä–∞–Ω—Å—Ç–≤. –í–∫–ª—é—á–∞–µ–º –Ø–Ω–¥–µ–∫—Å.–í–æ–ª–Ω—É –∏ —Å —É–ª—ã–±–∫–æ–π –Ω–∞ –ª–∏—Ü–µ –µ–¥–µ–º –¥–æ –º–µ—Ç—Ä–æ –î–º–∏—Ç—Ä–æ–≤—Å–∫–∞—è. 
–ú—ã –Ω–∞—á–∏–Ω–∞–µ–º –ø—Ä–æ–≥—É–ª–∫—É —Å –ê—Ä—Ç-–∫–ª–∞—Å—Ç–µ—Ä–∞ ‚Äú–§–ª–∞–∫–æ–Ω‚Äù. –≠—Ç–æ —Ç–≤–æ—Ä—á–µ—Å–∫–æ–µ –ø—Ä–æ—Å—Ç—Ä–∞–Ω—Å—Ç–≤–æ, —Ä–∞—Å–ø–æ–ª–æ–∂–µ–Ω–Ω–æ–µ –Ω–∞ –º–µ—Å—Ç–µ –±—ã–≤—à–µ–≥–æ –∑–∞–≤–æ–¥–∞, —Å—Ç–∞–ª–æ –¥–æ–º–æ–º –¥–ª—è —Ö—É–¥–æ–∂–Ω–∏–∫–æ–≤, –¥–∏–∑–∞–π–Ω–µ—Ä–æ–≤ –∏ –∫—Ä–µ–∞—Ç–∏–≤–Ω—ã—Ö –ø—Ä–æ–µ–∫—Ç–æ–≤. –ó–¥–µ—Å—å —á–∞—Å—Ç–æ –ø—Ä–æ—Ö–æ–¥—è—Ç –≤—ã—Å—Ç–∞–≤–∫–∏, —è—Ä–º–∞—Ä–∫–∏ –∏ –º–∞—Å—Ç–µ—Ä-–∫–ª–∞—Å—Å—ã, —á—Ç–æ —Å–æ–∑–¥–∞—ë—Ç —è—Ä–∫—É—é –∏ —Ç–≤–æ—Ä—á–µ—Å–∫—É—é –∞—Ç–º–æ—Å—Ñ–µ—Ä—É.
üìå –ê–¥—Ä–µ—Å: —É–ª. –ë–æ–ª—å—à–∞—è –ù–æ–≤–æ–¥–º–∏—Ç—Ä–æ–≤—Å–∫–∞—è, 36

–ú–µ—Å—Ç–æ –¥–ª—è —Ç—Ä–∞–ø–µ–∑—ã –ø—Ä–µ–¥–ª–æ–∂–µ–Ω–Ω–æ–≥–æ –º–∞—Ä—à—Ä—É—Ç–∞: Corner Cafe & Kitchen - —ç—Ç–æ —Ä–µ—Å—Ç–æ—Ä–∞–Ω —è–ø–æ–Ω—Å–∫–æ–π –∫—É—Ö–Ω–∏, –≥–¥–µ —à–µ—Ñ-–ø–æ–≤–∞—Ä –ö–æ–±–∞—è—à–∏ –ö–∞—Ü—É—Ö–∏–∫–æ –≥–æ—Ç–æ–≤–∏—Ç —Ä–∞–º–µ–Ω, –ø–µ–ª—å–º–µ–Ω–∏ –≥–µ–¥–∑–∞, —Ä–æ–ª–ª—ã –∏ –Ω–µ–æ–±—ã—á–Ω—ã–µ –¥–µ—Å–µ—Ä—Ç—ã
üìå –ê–¥—Ä–µ—Å: —É–ª. –ù–æ–≤–æ–¥–º–∏—Ç—Ä–æ–≤—Å–∫–∞—è, 2

–ó–∞–∫–∞–Ω—á–∏–≤–∞–µ–º —Å–µ–≥–æ–¥–Ω—è—à–∏–π –¥–µ–Ω—å –µ—â–µ –æ–¥–Ω–∏–º –∏–Ω—Ç–µ—Ä–µ—Å–Ω—ã–º –º–µ—Å—Ç–æ–º - –õ–æ—Ñ—Ç-–ø—Ä–æ–µ–∫—Ç–æ–º ‚Äú–•–ª–µ–±–æ–∑–∞–≤–æ–¥‚Äù. –û–Ω –Ω–∞—Ö–æ–¥–∏—Ç—Å—è —Å–æ–≤—Å–µ–º —Ä—è–¥–æ–º —Å ‚Äú–§–ª–∞–∫–æ–Ω–æ–º‚Äù. –ó–¥–µ—Å—å –º–æ–∂–Ω–æ –ø—Ä–æ–≥—É–ª—è—Ç—å—Å—è —Å—Ä–µ–¥–∏ –º–∞—Å—Ç–µ—Ä—Å–∫–∏—Ö, –º–∞–≥–∞–∑–∏–Ω–æ–≤ —Å –∞–≤—Ç–æ—Ä—Å–∫–∏–º–∏ –≤–µ—â–∞–º–∏ –∏ –Ω–µ–±–æ–ª—å—à–∏—Ö –∫–∞—Ñ–µ, –Ω–∞—Å–ª–∞–¥–∏—Ç—å—Å—è —É—é—Ç–Ω–æ–π –∞—Ç–º–æ—Å—Ñ–µ—Ä–æ–π –∏, –≤–æ–∑–º–æ–∂–Ω–æ, –Ω–∞–π—Ç–∏ —á—Ç–æ-—Ç–æ –∏–Ω—Ç–µ—Ä–µ—Å–Ω–æ–µ –Ω–∞ —Ç–µ–º–∞—Ç–∏—á–µ—Å–∫–∏—Ö —è—Ä–º–∞—Ä–∫–∞—Ö.
üìå –ê–¥—Ä–µ—Å: —É–ª. –ù–æ–≤–æ–¥–º–∏—Ç—Ä–æ–≤—Å–∫–∞—è, 1

–≠—Ç–æ—Ç –º–∞—Ä—à—Ä—É—Ç –ø—Ä–µ–∫—Ä–∞—Å–Ω–æ –ø–æ–¥–æ–π–¥—ë—Ç —Ç–µ–º, –∫—Ç–æ —Ü–µ–Ω–∏—Ç —Å–æ–≤—Ä–µ–º–µ–Ω–Ω–æ–µ –∏—Å–∫—É—Å—Å—Ç–≤–æ, –∏ –≥–æ—Ç–æ–≤ —Ä–∞–∑–¥–µ–ª–∏—Ç—å –µ–≥–æ –ø–æ–∑–Ω–∞–Ω–∏–µ –≤ –≤–µ—Å–µ–ª–æ–π –∫–æ–º–ø–∞–Ω–∏–∏!",https://disk.yandex.ru/i/Z6Y66QaeTpz4vQ,"https://yandex.ru/maps?rtext=55.805073,37.585289~55.804005,37.591087~55.807086,37.584541&rtt=pd"
–º–∞—Ä—à—Ä—É—Ç_–æ3,–æ—Ä–∞–Ω–∂–µ–≤—ã–π,"–û—Ä–∞–Ω–∂–µ–≤—ã–π –º–∞—Ä—à—Ä—É—Ç 3üß°

–≠—Ç–æ—Ç –º–∞—Ä—à—Ä—É—Ç –∏–¥–µ–∞–ª—å–Ω–æ –ø–æ–¥–æ–π–¥—ë—Ç –¥–ª—è –ª—é–±–∏—Ç–µ–ª–µ–π —Ç–≤–æ—Ä—á–µ—Å—Ç–≤–∞ –∏ –∞—Ä—Ö–∏—Ç–µ–∫—Ç—É—Ä—ã, –∞ –≤—Å–µ –º–µ—Å—Ç–∞ —Ä–∞—Å–ø–æ–ª–æ–∂–µ–Ω—ã –≤ –ø–µ—à–µ–π –¥–æ—Å—Ç—É–ø–Ω–æ—Å—Ç–∏ –¥—Ä—É–≥ –æ—Ç –¥—Ä—É–≥–∞.

–ù–∞—á–Ω—ë–º —Å –ì–æ–≥–æ–ª–µ–≤—Å–∫–æ–≥–æ –±—É–ª—å–≤–∞—Ä–∞, –æ–¥–Ω–æ–π –∏–∑ —Å–∞–º—ã—Ö –∂–∏–≤–æ–ø–∏—Å–Ω—ã—Ö —É–ª–∏—Ü –ú–æ—Å–∫–≤—ã, –≥–¥–µ –º–æ–∂–Ω–æ –Ω–∞—Å–ª–∞–¥–∏—Ç—å—Å—è –ø—Ä–æ–≥—É–ª–∫–æ–π —Å—Ä–µ–¥–∏ —Å–∫—É–ª—å–ø—Ç—É—Ä –∏ –∏—Å—Ç–æ—Ä–∏—á–µ—Å–∫–∏—Ö –∑–¥–∞–Ω–∏–π. –ó–¥–µ—Å—å —Ü–∞—Ä–∏—Ç –∞—Ç–º–æ—Å—Ñ–µ—Ä–∞ —É—é—Ç–∞ –∏ —Å–ø–æ–∫–æ–π—Å—Ç–≤–∏—è, —á—Ç–æ –ø–æ–¥–∞—Ä–∏—Ç –≤–∞–º –æ—â—É—â–µ–Ω–∏–µ —Ç–µ–ø–ª–∞ –∏ –≥–∞—Ä–º–æ–Ω–∏–∏.

üìå –ì–æ–≥–æ–ª–µ–≤—Å–∫–∏–π –±—É–ª—å–≤–∞—Ä
–ú–µ—Ç—Ä–æ: –ö—Ä–æ–ø–æ—Ç–∫–∏–Ω—Å–∫–∞—è

–ü–æ—Å–ª–µ –ø—Ä–æ–≥—É–ª–∫–∏ –º–æ–∂–Ω–æ –ø–µ—Ä–µ–∫—É—Å–∏—Ç—å –≤ —Ä–µ—Å—Ç–æ—Ä–∞–Ω–µ Dictatura √Üstetica Wine & Kitchen, —É—é—Ç–Ω–æ–º –∏ –∞—Ç–º–æ—Å—Ñ–µ—Ä–Ω–æ–º –º–µ—Å—Ç–µ —Å –¥–µ–º–æ–∫—Ä–∞—Ç–∏—á–Ω—ã–º–∏ —Ü–µ–Ω–∞–º–∏ –∏ –¥–æ–º–∞—à–Ω–µ–π –∫—É—Ö–Ω–µ–π. –ó–¥–µ—Å—å –º–æ–∂–Ω–æ –æ—Ç–¥–æ—Ö–Ω—É—Ç—å –∏ –ø–æ–ø—Ä–æ–±–æ–≤–∞—Ç—å –±–ª—é–¥–∞, –≤–¥–æ—Ö–Ω–æ–≤–ª—ë–Ω–Ω—ã–µ —Ä—É—Å—Å–∫–æ–π –≥–∞—Å—Ç—Ä–æ–Ω–æ–º–∏–µ–π.

üìå –ì–æ–≥–æ–ª–µ–≤—Å–∫–∏–π –±—É–ª—å–≤–∞—Ä, 17
–ú–µ—Ç—Ä–æ: –ö—Ä–æ–ø–æ—Ç–∫–∏–Ω—Å–∫–∞—è

–ó–∞–≤–µ—Ä—à–∏–º –º–∞—Ä—à—Ä—É—Ç –ø–æ—Å–µ—â–µ–Ω–∏–µ–º –ú—É–∑–µ—è –ª–∏—á–Ω—ã—Ö –∫–æ–ª–ª–µ–∫—Ü–∏–π –≤ —Å–æ—Å—Ç–∞–≤–µ –ì–æ—Å—É–¥–∞—Ä—Å—Ç–≤–µ–Ω–Ω–æ–≥–æ –º—É–∑–µ—è –∏–∑–æ–±—Ä–∞–∑–∏—Ç–µ–ª—å–Ω—ã—Ö –∏—Å–∫—É—Å—Å—Ç–≤ –∏–º. –ê.–°. –ü—É—à–∫–∏–Ω–∞. –≠—Ç–æ—Ç –Ω–µ–±–æ–ª—å—à–æ–π –º—É–∑–µ–π —Å–æ–±—Ä–∞–ª –∏–Ω—Ç–µ—Ä–µ—Å–Ω—ã–µ –∫–æ–ª–ª–µ–∫—Ü–∏–∏ –ø—Ä–µ–¥–º–µ—Ç–æ–≤ –∏—Å–∫—É—Å—Å—Ç–≤–∞, –ø–æ–¥–∞—Ä–µ–Ω–Ω—ã–µ —á–∞—Å—Ç–Ω—ã–º–∏ –∫–æ–ª–ª–µ–∫—Ü–∏–æ–Ω–µ—Ä–∞–º–∏.

üìå –í–æ–ª—Ö–æ–Ω–∫–∞, 10
–ú–µ—Ç—Ä–æ: –ö—Ä–æ–ø–æ—Ç–∫–∏–Ω—Å–∫–∞—è


–≠—Ç–æ—Ç –º–∞—Ä—à—Ä—É—Ç –ø–æ–∑–≤–æ–ª–∏—Ç –≤–∞–º –æ—Ç–∫—Ä—ã—Ç—å —Ç–µ–ø–ª—ã–µ –∏ –∫—Ä–µ–∞—Ç–∏–≤–Ω—ã–µ –º–µ—Å—Ç–∞ –ú–æ—Å–∫–≤—ã, –Ω–µ –æ—Ç–¥–∞–ª—è—è—Å—å –æ—Ç –≥–ª–∞–≤–Ω—ã—Ö –∫—É–ª—å—Ç—É—Ä–Ω—ã—Ö —Ü–µ–Ω—Ç—Ä–æ–≤ –≥–æ—Ä–æ–¥–∞.",https://disk.yandex.ru/i/9PI08rd1p0ms1g,"https://yandex.ru/maps?rtext=55.747860,37.600190~55.746780,37.599115~55.747408,37.606972&rtt=pd"
–º–∞—Ä—à—Ä—É—Ç_–∂1,–∂—ë–ª—Ç—ã–π,"–ñ–µ–ª—Ç—ã–π –º–∞—Ä—à—Ä—É—Ç 1 üíõ

–ü—Ä–µ–¥–ª–∞–≥–∞–µ–º –∏–Ω—Ç–µ—Ä–µ—Å–Ω—ã–π –º–∞—Ä—à—Ä—É—Ç –ø–æ –ú–æ—Å–∫–≤–µ –≤ —Ä–∞–π–æ–Ω–µ –º. –ü–∞–≤–µ–ª–µ—Ü–∫–æ–π, –∫–æ—Ç–æ—Ä—ã–π –º–æ–∂–µ—Ç –ø–æ–Ω—Ä–∞–≤–∏—Ç—å—Å—è –ª—é–¥—è–º —Å –∂–µ–ª—Ç–æ–π –≤–æ–ª–Ω–æ–π –≤ –Ø–Ω–¥–µ–∫—Å.–ú—É–∑—ã–∫–µ:

–ù–∞—á–∏–Ω–∞–µ–º –º–∞—Ä—à—Ä—É—Ç —Å –Ω–µ–æ–±—ã—á–Ω–æ–≥–æ –∫–∏–Ω–æ—Ç–µ–∞—Ç—Ä–∞ –≤ —Å—Ç–æ–ª–∏—Ü–µ - –ü—è—Ç—å –ó–≤–µ–∑–¥ –Ω–∞ –ü–∞–≤–µ–ª–µ—Ü–∫–æ–π. –ù–∞ –≤—Ö–æ–¥–µ –º–Ω–æ–∂–µ—Å—Ç–≤–æ –∫—Ä–∞—Å–∏–≤—ã—Ö –ø—Ä–µ–¥–º–µ—Ç–æ–≤ –¥–µ–∫–æ—Ä–∞: –≤–æ–¥–æ–ø–∞–¥—ã, –∞–∫–≤–∞—Ä–∏—É–º, –∑–æ–Ω—ã –¥–ª—è –æ—Ç–¥—ã—Ö–∞. –°–º–æ—Ç—Ä–∏–º –Ω–æ–≤–∏–Ω–∫–∏ –≤ –∫–∏–Ω–æ, –µ–¥–∏–º –≤–∫—É—Å–Ω—ã–π –ø–æ–ø–∫–æ—Ä–Ω –∏ –æ–±—Å—É–∂–¥–∞–µ–º —É–≤–∏–¥–µ–Ω–Ω–æ–µ —Å –∫–æ–º–ø–∞–Ω–∏–µ–π –±–ª–∏–∑–∫–∏—Ö. 
üìå—É–ª. –ë–∞—Ö—Ä—É—à–∏–Ω–∞, 25

–î–∞–ª–µ–µ –∏–¥–µ–º –≤ –º–µ—Å—Ç–æ, –≥–¥–µ –º–æ–∂–Ω–æ –ø–æ–ø—Ä–æ–±–æ–≤–∞—Ç—å –æ—Å–µ–Ω—å –Ω–∞ –≤–∫—É—Å - 6am kitchen. –†–µ–∫–æ–º–µ–Ω–¥—É–µ–º –ø–æ–ø—Ä–æ–±–æ–≤–∞—Ç—å —Ç–∞–º —Å–∫–∞–Ω–¥–∏–Ω–∞–≤—Å–∫–∏–π —Ñ–∏–ª—å—Ç—Ä —Å –±–µ–∑–∞–ª–∫–æ–≥–æ–ª—å–Ω—ã–º –ë–µ–π–ª–∏—Å–æ–º, –º–∞—Ç—á—É —Ç–æ–∫–∏–æ —Å –ø—é—Ä–µ –∏–∑ –∫–∏–≤–∏, –æ–±–ª–µ–ø–∏—Ö–æ–≤—ã–π –ø—É—ç—Ä –∏ —à–æ–∫–æ–ª–∞–¥–Ω—ã–π —Ñ–ª—ç—Ç —Å –∏–Ω–¥–∏–π—Å–∫–∏–º –∫–∞–∫–∞–æ.
üìå–°–∞–¥–æ–≤–Ω–∏—á–µ—Å–∫–∞—è —É–ª., 80

–ü–æ—Å–ª–µ –≤–∫—É—Å–Ω–æ–≥–æ –ø–µ—Ä–µ–∫—É—Å–∞ –Ω–∞–ø—Ä–∞–≤–ª—è–µ–º—Å—è –≤ –õ–∞–Ω–¥—à–∞—Ñ—Ç–Ω—ã–π –ø–∞—Ä–∫ –≤—Å–µ –Ω–∞ —Ç–æ–π –∂–µ —Å—Ç–∞–Ω—Ü–∏–∏ –ü–∞–≤–µ–ª–µ—Ü–∫–∞—è. –ü—Ä–æ–π—Ç–∏—Å—å –ø–æ—Å–ª–µ –ø—Ä–∏–µ–º–∞ –ø–∏—â–∏ - –æ—Ç–ª–∏—á–Ω—ã–π –≤—ã–±–æ—Ä. –ü–∞—Ä–∫ –≤—ã–≥–ª—è–¥–∏—Ç –æ—á–µ–Ω—å –∫—Ä–∞—Å–∏–≤–æ, –æ—Ä–∏–≥–∏–Ω–∞–ª—å–Ω—ã–µ —ç–ª–µ–º–µ–Ω—Ç—ã –¥–∏–∑–∞–π–Ω–∞ —Å–æ–∑–¥–∞—é—Ç –∞—Ç–º–æ—Å—Ñ–µ—Ä—É, –ø–æ–¥—Ö–æ–¥—è—â—É—é –¥–ª—è –ª—é–¥–µ–π –ª—é–±—ã—Ö –≤–æ–∑—Ä–∞—Å—Ç–æ–≤: –º–Ω–æ–∂–µ—Å—Ç–≤–æ –¥–µ—Ç—Å–∫–∏—Ö –ø–ª–æ—â–∞–¥–æ–∫, —Å—Ü–µ–Ω–∞ –¥–ª—è –ø—Ä–∞–∑–¥–Ω–∏—á–Ω—ã—Ö –º–µ—Ä–æ–ø—Ä–∏—è—Ç–∏–π –∏ —É–µ–¥–∏–Ω–µ–Ω–Ω—ã–µ –∞–ª–ª–µ–∏. 
üìå–ü–∞–≤–µ–ª–µ—Ü–∫–∞—è –ø–ª–æ—â–∞–¥—å, 3

–õ—é–¥–∏ —Å –∂–µ–ª—Ç–æ–π –º—É–∑—ã–∫–æ–π –±—É–¥—É—Ç –≤ –≤–æ—Å—Ç–æ—Ä–≥–µ –ø–æ—Å–ª–µ —Ç–∞–∫–æ–π –ø—Ä–æ–≥—É–ª–∫–∏ –ø–æ –ú–æ—Å–∫–≤–µ. –ú–∞—Ä—à—Ä—É—Ç –¥–∞–µ—Ç –≤–æ–∑–º–æ–∂–Ω–æ—Å—Ç—å —É–≤–∏–¥–µ—Ç—å –∏ –ø–æ—Å–µ—Ç–∏—Ç—å –æ—Ä–∏–≥–∏–Ω–∞–ª—å–Ω—ã–µ –º–µ—Å—Ç–∞, –æ—Ç–¥–æ—Ö–Ω—É—Ç—å –∏ –∫–∞—á–µ—Å—Ç–≤–µ–Ω–Ω–æ –ø—Ä–æ–≤–µ—Å—Ç–∏ –≤—Ä–µ–º—è —Å –ª—é–±–∏–º—ã–º–∏ –ª—é–¥—å–º–∏.",https://disk.yandex.ru/i/Z-BfkoarIlT8CQ,"https://yandex.ru/maps?rtext=55.732947,37.637102~55.737489,37.641303~55.730692,37.638956&rtt=pd"
–º–∞—Ä—à—Ä—É—Ç_–∂2,–∂—ë–ª—Ç—ã–π,"–ñ–µ–ª—Ç—ã–π –º–∞—Ä—à—Ä—É—Ç 2 üíõ

–£–≤–ª–µ–∫–∞—Ç–µ–ª—å–Ω—ã–π –ø—É—Ç—å –ø–æ –º–µ—Å—Ç–∞–º –ú–æ—Å–∫–≤—ã –¥–ª—è –∑–∞—Ä—è–∂–µ–Ω–Ω—ã—Ö –∏ –ø–æ–∑–∏—Ç–∏–≤–Ω—ã—Ö —Ä–µ–±—è—Ç —Å –∂–µ–ª—Ç–æ–π –º—É–∑—ã–∫–æ–π. –ú–µ—Ç—Ä–æ –ö—É—Ä—Å–∫–∞—è - –∏–¥–µ–∞–ª—å–Ω–æ–µ –º–µ—Å—Ç–æ –¥–ª—è –∞–∫—Ç–∏–≤–Ω—ã—Ö –≤—ã—Ö–æ–¥–Ω—ã—Ö. 

–ù–∞—á–∏–Ω–∞–µ–º –ø—É—Ç—å —Å –∫–∞—Ñ–µ MOX. –¢–∞–º –º–æ–∂–Ω–æ –ø–æ–ø—Ä–æ–±–æ–≤–∞—Ç—å –ª—é–±–∏–º—ã–π —Ö–æ–ª–æ–¥–Ω—ã–π —Å—É–ø –¥–µ—Ç—Å—Ç–≤–∞ ‚Äî –æ–∫—Ä–æ—à–∫—É –Ω–∞ –∫–≤–∞—Å–µ, –ø–µ—Ä–µ–æ–¥–µ—Ç—É—é –≤ –∑–µ–ª–µ–Ω—ã–π —Å–æ—É—Å! –í–∞—Å –∂–¥—É—Ç –∫–ª–∞—Å—Å–Ω–∞—è –º—É–∑—ã–∫–∞, –≤–µ–≥–µ—Ç–∞—Ä–∏–∞–Ω—Å–∫–∏–µ –±–ª—é–¥–∞, —É—é—Ç–Ω—ã–π –∏–Ω—Ç–µ—Ä—å–µ—Ä. –°–∞–º–æ–µ –≤—Ä–µ–º—è –æ–±—Å—É–¥–∏—Ç—å –Ω–æ–≤–æ—Å—Ç–∏ –∏ –ø–æ–≥–æ–≤–æ—Ä–∏—Ç—å –ø–æ –¥—É—à–∞–º —Å –¥—Ä—É–∑—å—è–º–∏. 
üìå –ù–∏–∂–Ω—è—è –°—ã—Ä–æ–º—è—Ç–Ω–∏—á–µ—Å–∫–∞—è —É–ª., 10, —Å—Ç—Ä. 7 (—ç—Ç–∞–∂ 2)

–î–∞–ª–µ–µ —Å—ã—Ç—ã–µ –∏ –ø–æ–ª–Ω—ã–µ —Å–∏–ª –æ—Ç–ø—Ä–∞–≤–ª—è–µ–º—Å—è –≤ –ù–µ—Ä–µ–∞–ª—å–Ω–æ–µ –º–µ—Å—Ç–æ - –∫–ª—É–± –≤–∏—Ä—Ç—É–∞–ª—å–Ω–æ–π —Ä–µ–∞–ª—å–Ω–æ—Å—Ç–∏ –≤ —Ü–µ–Ω—Ç—Ä–µ –ú–æ—Å–∫–≤—ã, —Å –≤–æ–∑–º–æ–∂–Ω–æ—Å—Ç—å—é –∏–≥—Ä–∞—Ç—å –≤ —Å–æ–≤–º–µ—Å—Ç–Ω—ã–µ –∏–≥—Ä—ã –¥–æ 7-—Ö —á–µ–ª–æ–≤–µ–∫. –í –∫–ª—É–±–µ 65 –ª—É—á—à–∏—Ö VR-–∏–≥—Ä, –≤—Å–µ—Ö –∂–∞–Ω—Ä–æ–≤ –∏ –¥–ª—è –≤—Å–µ—Ö –≤–æ–∑—Ä–∞—Å—Ç–æ–≤. –í—ã —Ç–æ—á–Ω–æ –Ω–∞–π–¥–µ—Ç–µ —á—Ç–æ-—Ç–æ –ø–æ –≤–∫—É—Å—É.
üìå –ù–∏–∂–Ω–∏–π –°—É—Å–∞–ª—å–Ω—ã–π –ø–µ—Ä., 5, —Å—Ç—Ä. 5–ê (–ø–æ–¥—ä–µ–∑–¥ 1)

–ö–æ–≥–¥–∞ —É—Å—Ç–∞–Ω–µ—Ç–µ –æ—Ç –∞–∫—Ç–∏–≤–Ω–æ—Å—Ç–∏, —Ç–æ –º–æ–∂–µ—Ç–µ –ø—Ä–æ–π—Ç–∏—Å—å –≤ —Å—Ç–æ—Ä–æ–Ω—É FrenchBakery SeDelice –∏ —Å—ä–µ—Å—Ç—å –≤–∫—É—Å–Ω—ã–π –¥–µ—Å–µ—Ä—Ç. –¢–∞–º –º–æ–∂–µ—Ç–µ –æ—Å—Ç–∞—Ç—å—Å—è –ø–µ—Ä–µ–¥–æ—Ö–Ω—É—Ç—å –∏ –æ–±—Å—É–¥–∏—Ç—å –ø–æ–ª—É—á–µ–Ω–Ω—ã–µ –≤–ø–µ—á–∞—Ç–ª–µ–Ω–∏—è –∑–∞ –¥–æ–ª–≥–∏–π –¥–µ–Ω—å –∏–ª–∏ –ø–æ—Å–ª—É—à–∞—Ç—å –ª—é–±–∏–º—É—é –º—É–∑—ã–∫—É.
üìå —É–ª. –ó–µ–º–ª—è–Ω–æ–π –í–∞–ª, 27, —Å—Ç—Ä. 1

–¢–∞–∫–æ–π –º–∞—Ä—à—Ä—É—Ç —Ç–æ—á–Ω–æ –∑–∞—Ä—è–¥–∏—Ç –≤–∞—Å –Ω–∞ —Ä–∞–±–æ—á—É—é –Ω–µ–¥–µ–ª—é –∏ –ø–æ–º–æ–∂–µ—Ç –ø–æ—á—É–≤—Å—Ç–≤–æ–≤–∞—Ç—å —Å–µ–±—è –æ—Ç–¥–æ—Ö–Ω—É–≤—à–∏–º.",https://disk.yandex.ru/i/Mbuw3wH1Tw_57Q,"https://yandex.ru/maps?rtext=55.752156,37.668994~55.760084,37.664290~55.759154,37.658175&rtt=pd"
–º–∞—Ä—à—Ä—É—Ç_–∂3,–∂—ë–ª—Ç—ã–π,"–ñ–µ–ª—Ç—ã–π –º–∞—Ä—à—Ä—É—Ç 3üíõ

–ú–∞—Ä—à—Ä—É—Ç –¥–ª—è —ç–∫—Å—Ç—Ä–∞–æ—Ä–¥–∏–Ω–∞—Ä–Ω—ã—Ö –ª–∏—á–Ω–æ—Å—Ç–µ–π. –û–Ω –ø–æ–º–æ–∂–µ—Ç –ø—Ä–æ–¥–ª–∏—Ç—å –ø–æ–∑–∏—Ç–∏–≤–Ω–æ–µ –Ω–∞—Å—Ç—Ä–æ–µ–Ω–∏–µ –∏ –ø–æ–ª—É—á–∏—Ç—å –ø–æ–ª–æ–∂–∏—Ç–µ–ª—å–Ω—ã–π –æ–ø—ã—Ç. 

–°–µ–≥–æ–¥–Ω—è –Ω–∞–ø—Ä–∞–≤–ª—è–µ–º—Å—è –Ω–∞ –º–µ—Ç—Ä–æ –õ—é–±–ª–∏–Ω–æ –∏ –≥—É–ª—è–µ–º –≤ –æ–¥–Ω–æ–º –∏–∑ —Å–∞–º—ã—Ö –±–æ–ª—å—à–∏—Ö –ø–∞—Ä–∫–æ–≤ –≤ –ú–æ—Å–∫–≤–µ - –ø–∞—Ä–∫–µ –ö—É–∑—å–º–∏–Ω–∫–∏-–õ—é–±–ª–∏–Ω–æ. –¢—É—Ç –º–æ–∂–Ω–æ –ø–æ–∫–∞—Ç–∞—Ç—å—Å—è –Ω–∞ –ª–æ–¥–æ—á–∫–∞—Ö, –≤–∑—è—Ç—å –Ω–∞ –ø—Ä–æ–∫–∞—Ç —Ä–æ–ª–∏–∫–∏, –≤–µ–ª–æ—Å–∏–ø–µ–¥—ã –∏ –¥—Ä—É–≥–æ–µ (–∫ –ø—Ä–∏–º–µ—Ä—É, –≤–µ–ª–æ—Å–∏–ø–µ–¥ –Ω–∞ –Ω–µ—Å–∫–æ–ª—å–∫–æ —á–µ–ª–æ–≤–µ–∫). –ú–µ—Å—Ç–æ –æ—Ç–ª–∏—á–Ω–æ –ø–æ–¥—Ö–æ–¥–∏—Ç –¥–ª—è –∞–∫—Ç–∏–≤–Ω–æ–≥–æ –æ—Ç–¥—ã—Ö–∞ –∏ –ø–∏–∫–Ω–∏–∫–æ–≤. 

–ü—Ä–µ–¥–ª–∞–≥–∞–µ–º —Å–Ω–∞—á–∞–ª–∞ –ø—Ä–æ–π—Ç–∏—Å—å –ø–æ —Ü–µ–Ω—Ç—Ä–∞–ª—å–Ω–æ–π –∞–ª–ª–µ–µ, –∞ –ø–æ—Ç–æ–º –∑–∞–≥–ª—è–Ω—É—Ç—å –≤ –º–∏–ª—ã–π –ø–∞—Ä–∫ –∞—Ç—Ç—Ä–∞–∫—Ü–∏–æ–Ω–æ–≤ –ö–æ—Å–º–∏–∫, –ª–∏–±–æ –∑–∞–π—Ç–∏ –≤ –º—É–∑–µ–π —Ç–∏—à–∏–Ω—ã. 

–¢–∞–∫–æ–π –ø–æ—Ä—è–¥–æ–∫ –º–µ—Å—Ç –ø–æ–º–æ–∂–µ—Ç —Ä–∞—Å—Å–ª–∞–±–∏—Ç—å—Å—è, —É—Å–ø–æ–∫–æ–∏—Ç—å—Å—è –∏ –ø–æ–ª—É—á–∏—Ç—å –ø—Ä–∏—è—Ç–Ω—ã–µ —ç–º–æ—Ü–∏–∏. 

–ü–æ—Å–ª–µ —Å–ø–æ–∫–æ–π–Ω–æ–π —á–∞—Å—Ç–∏ –º–∞—Ä—à—Ä—É—Ç–∞ –º–æ–∂–Ω–æ –≤–∑—è—Ç—å –Ω–∞ –ø—Ä–æ–∫–∞—Ç –Ω–µ–æ–±—ã—á–Ω—ã–µ –≤–∏–¥—ã —Ç—Ä–∞–Ω—Å–ø–æ—Ä—Ç–∞! –°–æ–≤–µ—Ç—É—é –ø–æ–∫–∞–∑–∞—Ç—å—Å—è –Ω–∞ –≤–µ–ª–æ–º–æ–±–∏–ª—è—Ö, –æ—Å–æ–±–µ–Ω–Ω–æ –µ—Å–ª–∏ –æ–Ω–∏ –º–Ω–æ–≥–æ–º–µ—Å—Ç–Ω—ã–µ. –≠—Ç–æ —Ç–æ—á–Ω–æ –¥–æ–±–∞–≤–∏—Ç –≤ –≤–∞—à –¥–µ–Ω—å —Å–º–µ—Ö–∞ –∏ –≤–µ—Å–µ–ª—å—è.

–ù–∞ –≤—ã—Ö–æ–¥–µ –∏–∑ –ø–∞—Ä–∫–∞ —Ä–∞—Å–ø–æ–ª–æ–∂–µ–Ω–æ –∫–∞—Ñ–µ –ú–µ—Ä–∫–∞—Ç–æ - —Ö–æ—Ä–æ—à–µ–µ, —É—é—Ç–Ω–æ–µ –∫–∞—Ñ–µ —Å —Ä–∞–∑–ª–∏—á–Ω—ã–º–∏ –º–∞—Å—Ç–µ—Ä-–∫–ª–∞—Å—Å–∞–º–∏ –∏ –∫–æ–Ω–∫—É—Ä—Å–∞–º–∏.",https://disk.yandex.ru/i/Cj6Uoj8C1oGjmw,"https://yandex.ru/maps/?ol=geo&text=%D0%BF%D1%80%D0%B8%D1%80%D0%BE%D0%B4%D0%BD%D0%BE-%D0%B8%D1%81%D1%82%D0%BE%D1%80%D0%B8%D1%87%D0%B5%D1%81%D0%BA%D0%B8%D0%B9%20%D0%BF%D0%B0%D1%80%D0%BA%20%D0%9A%D1%83%D0%B7%D1%8C%D0%BC%D0%B8%D0%BD%D0%BA%D0%B8-%D0%9B%D1%8E%D0%B1%D0%BB%D0%B8%D0%BD%D0%BE&sll=37.803308,55.684097&sspn=0.041440,0.103926&si=djvcgpqg6qref1jkpm1fpmm720"
–º–∞—Ä—à—Ä—É—Ç_–∑1,–∑–µ–ª—ë–Ω—ã–π,"–ó–µ–ª—ë–Ω—ã–π –º–∞—Ä—à—Ä—É—Ç 1üíö

–≠—Ç–æ—Ç –º–∞—Ä—à—Ä—É—Ç –¥–ª—è —Ç–µ—Ö, –∫—Ç–æ –∏—â–µ—Ç —Å–ø–æ–∫–æ–π—Å—Ç–≤–∏–µ –∏ –≥–∞—Ä–º–æ–Ω–∏—é —Å –ø—Ä–∏—Ä–æ–¥–æ–π –≤–¥–∞–ª–∏ –æ—Ç —à—É–º–∞ –≥–æ—Ä–æ–¥–∞. –ü–æ–¥—Ö–æ–¥–∏—Ç –¥–ª—è –ø–∏–∫–Ω–∏–∫–æ–≤, –ø—Ä–æ–≥—É–ª–æ–∫ –∏ —Ä–∞—Å—Å–ª–∞–±–ª—è—é—â–µ–≥–æ –æ—Ç–¥—ã—Ö–∞ –Ω–∞ –±–µ—Ä–µ–≥—É –æ–∑–µ—Ä–∞.

–ù–µ –∑–∞–±—ã–≤–∞–µ–º –∫–æ–ª–æ–Ω–∫—É —Å –º—É–∑—ã–∫–æ–π –∏ –µ–¥–µ–º –¥–æ –º–µ—Ç—Ä–æ –¢—É—à–∏–Ω—Å–∫–∞—è.
–ù–∞—á–Ω—ë–º —Å –ø—Ä–æ–≥—É–ª–∫–∏ –ø–æ –ü–∞—Ä–∫—É ‚Äú–°–µ–≤–µ—Ä–Ω–æ–µ –¢—É—à–∏–Ω–æ‚Äù ‚Äî —ç—Ç–æ –ø—Ä–æ—Å—Ç–æ—Ä–Ω—ã–π –∏ –∑–µ–ª—ë–Ω—ã–π –ø–∞—Ä–∫, –≥–¥–µ –º–æ–∂–Ω–æ –Ω–∞—Å–ª–∞–¥–∏—Ç—å—Å—è —Å–≤–µ–∂–∏–º –≤–æ–∑–¥—É—Ö–æ–º –∏ —É—Å—Ç—Ä–æ–∏—Ç—å –ø–∏–∫–Ω–∏–∫. –ü–∞—Ä–∫ –ø–æ–¥—Ö–æ–¥–∏—Ç –¥–ª—è –ø—Ä–æ–≥—É–ª–æ–∫ —Å —Å–µ–º—å–µ–π, –∫–∞—Ç–∞–Ω–∏—è –Ω–∞ –≤–µ–ª–æ—Å–∏–ø–µ–¥–∞—Ö –∏ –æ—Ç–¥—ã—Ö–∞ —É –≤–æ–¥—ã. –ó–¥–µ—Å—å –≤—Å–µ–≥–¥–∞ —Ç–∏—Ö–æ –∏ —Å–ø–æ–∫–æ–π–Ω–æ, —á—Ç–æ –¥–µ–ª–∞–µ—Ç –µ–≥–æ –∏–¥–µ–∞–ª—å–Ω—ã–º –¥–ª—è —Ä–∞—Å—Å–ª–∞–±–ª–µ–Ω–∏—è.
üìå —É–ª. –¢—É—à–∏–Ω—Å–∫–∞—è, 5

–ü–æ—Å–ª–µ –ø—Ä–æ–≥—É–ª–∫–∏ –∑–∞–≥–ª—è–Ω–µ–º –≤ —É—é—Ç–Ω–æ–µ –∫–∞—Ñ–µ Met Tea, –∫–æ—Ç–æ—Ä–æ–µ –Ω–∞—Ö–æ–¥–∏—Ç—Å—è –Ω–µ–ø–æ–¥–∞–ª—ë–∫—É. –≠—Ç–æ —Å—Ç–∏–ª—å–Ω–æ–µ –∑–∞–≤–µ–¥–µ–Ω–∏–µ —Å –æ—Ä–∏–≥–∏–Ω–∞–ª—å–Ω–æ–π —á–∞–π–Ω–æ–π –∫–∞—Ä—Ç–æ–π, –≤ –∫–æ—Ç–æ—Ä–æ–º –º–æ–∂–Ω–æ –Ω–∞—Å–ª–∞–¥–∏—Ç—å—Å—è —Ä–∞–∑–Ω–æ–æ–±—Ä–∞–∑–Ω—ã–º–∏ —á–∞—è–º–∏, –∞ —Ç–∞–∫–∂–µ –ª—ë–≥–∫–∏–º–∏ –∑–∞–∫—É—Å–∫–∞–º–∏ –∏ –¥–µ—Å–µ—Ä—Ç–∞–º–∏.
üìå —É–ª. –¢—É—à–∏–Ω—Å–∫–∞—è, 19

–ó–∞–≤–µ—Ä—à–∏–º —Ç–∞–∫–æ–π –Ω–∞—Å—ã—â–µ–Ω–Ω—ã–π –¥–µ–Ω—å —É –∂–∏–≤–æ–ø–∏—Å–Ω–æ–≥–æ –æ–∑–µ—Ä–∞ –≤ –ø–∞—Ä–∫–µ ‚Äú–°–µ–≤–µ—Ä–Ω–æ–µ –¢—É—à–∏–Ω–æ‚Äù, –≥–¥–µ –º–æ–∂–Ω–æ —Ä–∞—Å—Å–ª–∞–±–∏—Ç—å—Å—è –Ω–∞ –±–µ—Ä–µ–≥—É –∏–ª–∏ –ø–æ–∫–∞—Ç–∞—Ç—å—Å—è –Ω–∞ –ª–æ–¥–∫–∞—Ö. –≠—Ç–æ –æ–¥–Ω–æ –∏–∑ —Å–∞–º—ã—Ö –∫—Ä–∞—Å–∏–≤—ã—Ö –º–µ—Å—Ç –ø–∞—Ä–∫–∞, –æ—Å–æ–±–µ–Ω–Ω–æ –ø—Ä–∏—è—Ç–Ω–æ –∑–¥–µ—Å—å –≤ —Ç—ë–ø–ª—ã–µ –¥–Ω–∏.
üìå —É–ª. –¢—É—à–∏–Ω—Å–∫–∞—è, 5

–ú–∞—Ä—à—Ä—É—Ç –æ—Ç–ª–∏—á–Ω–æ –ø–æ–¥–æ–π–¥–µ—Ç —á–µ–ª–æ–≤–µ–∫—É, –Ø–Ω–¥–µ–∫—Å.–í–æ–ª–Ω–∞ –∫–æ—Ç–æ—Ä–æ–≥–æ –æ–∫—Ä–∞—Å–∏–ª–∞—Å—å –≤ –∑–µ–ª–µ–Ω—ã–π —Ü–≤–µ—Ç. –°–æ—á–µ—Ç–∞–Ω–∏–µ –æ—Ç–¥—ã—Ö–∞ –Ω–∞ –ø—Ä–∏—Ä–æ–¥–µ –≤ —Ç–∏—Ö–æ–º –º–µ—Å—Ç–µ –∏ –∞–∫—Ç–∏–≤–Ω—ã—Ö –∑–∞–Ω—è—Ç–∏–π, –¥–∞–µ—Ç –æ—â—É—â–µ–Ω–∏–µ —Å–≤–æ–±–æ–¥—ã, —á—Ç–æ –æ—Å–æ–±–µ–Ω–Ω–æ –Ω—Ä–∞–≤–∏—Ç—Å—è –ª—é–±–∏—Ç–µ–ª—è–º ¬´–∑–µ–ª–µ–Ω–æ–π¬ª –º—É–∑—ã–∫–∏.
",https://disk.yandex.ru/i/vDMh8mhYJOHyZA,"https://yandex.ru/maps?rtext=55.862105,37.451124~55.827378,37.442013~55.850689,37.455837&rtt=pd"
–º–∞—Ä—à—Ä—É—Ç_–∑2,–∑–µ–ª—ë–Ω—ã–π,"–ó–µ–ª—ë–Ω—ã–π –º–∞—Ä—à—Ä—É—Ç 2üíö

–≠—Ç–æ—Ç –º–∞—Ä—à—Ä—É—Ç –æ—Ç–ª–∏—á–Ω–æ –ø–æ–¥–æ–π–¥—ë—Ç –¥–ª—è —Ç–µ—Ö, –∫—Ç–æ —Ü–µ–Ω–∏—Ç –∞–∫—Ç–∏–≤–Ω—ã–π –æ—Ç–¥—ã—Ö –Ω–∞ –ø—Ä–∏—Ä–æ–¥–µ –∏ —Ö–æ—á–µ—Ç –ø—Ä–æ–≤–µ—Å—Ç–∏ –¥–µ–Ω—å —Å—Ä–µ–¥–∏ –∑–µ–ª–µ–Ω–∏ –∏ —Ä–µ–∫—Ä–µ–∞—Ü–∏–æ–Ω–Ω—ã—Ö –∑–æ–Ω, –≤ —Å–æ—á–µ—Ç–∞–Ω–∏–∏ —Å –ø—Ä–∏—è—Ç–Ω—ã–º–∏ –∫–∞—Ñ–µ.

–í—ã—Å–∞–∂–∏–≤–∞–µ–º—Å—è –Ω–∞ —Å—Ç–∞–Ω—Ü–∏–∏ –º–µ—Ç—Ä–æ –§–∏–ª–∏ –∏ –Ω–∞—á–∏–Ω–∞–µ–º –¥–µ–Ω—å —Å –ø—Ä–æ–≥—É–ª–∫–∏ –ø–æ –ü–∞—Ä–∫—É –§–∏–ª–∏, –∫–æ—Ç–æ—Ä—ã–π —è–≤–ª—è–µ—Ç—Å—è –æ–¥–Ω–æ–π –∏–∑ —Å–∞–º—ã—Ö –∑–µ–ª—ë–Ω—ã—Ö –∏ —É—Ö–æ–∂–µ–Ω–Ω—ã—Ö –∑–æ–Ω –Ω–∞ –∑–∞–ø–∞–¥–µ –ú–æ—Å–∫–≤—ã. –ó–¥–µ—Å—å –º–æ–∂–Ω–æ –ø—Ä–æ–≥—É–ª—è—Ç—å—Å—è –≤–¥–æ–ª—å –Ω–∞–±–µ—Ä–µ–∂–Ω–æ–π –ú–æ—Å–∫–≤—ã-—Ä–µ–∫–∏, –æ—Ç–¥–æ—Ö–Ω—É—Ç—å –≤ —Ç–µ–Ω–∏—Å—Ç—ã—Ö –∞–ª–ª–µ—è—Ö –∏ –Ω–∞—Å–ª–∞–¥–∏—Ç—å—Å—è –ø—Ä–∏—Ä–æ–¥–æ–π –≤–¥–∞–ª–∏ –æ—Ç —à—É–º–∞ –≥–æ—Ä–æ–¥–∞. –ü–∞—Ä–∫ –æ—Ç–ª–∏—á–Ω–æ –ø–æ–¥—Ö–æ–¥–∏—Ç –∫–∞–∫ –¥–ª—è –ø—Ä–æ–≥—É–ª–æ–∫, —Ç–∞–∫ –∏ –¥–ª—è —Å–ø–æ—Ä—Ç–∏–≤–Ω—ã—Ö –∞–∫—Ç–∏–≤–Ω–æ—Å—Ç–µ–π, –∑–¥–µ—Å—å –µ—Å—Ç—å –≤–µ–ª–æ–¥–æ—Ä–æ–∂–∫–∏ –∏ –∑–æ–Ω—ã –¥–ª—è –ø–∏–∫–Ω–∏–∫–æ–≤.
üìå –ë–∞–≥—Ä–∞—Ç–∏–æ–Ω–æ–≤—Å–∫–∏–π –ø—Ä–æ–µ–∑–¥, 14

–ü–æ—Å–ª–µ –ø—Ä–æ–≥—É–ª–∫–∏ –∑–∞–≥–ª—è–Ω–µ–º –≤ –∫–∞—Ñ–µ Fo‚Äôx, —É—é—Ç–Ω–æ–µ –∑–∞–≤–µ–¥–µ–Ω–∏–µ —Å –∫—Ä–µ–∞—Ç–∏–≤–Ω–æ–π –∞—Ç–º–æ—Å—Ñ–µ—Ä–æ–π –∏ –µ–≤—Ä–æ–ø–µ–π—Å–∫–æ–π –∫—É—Ö–Ω–µ–π. –≠—Ç–æ –∏–¥–µ–∞–ª—å–Ω–æ–µ –º–µ—Å—Ç–æ –¥–ª—è –æ–±–µ–¥–∞ –ø–æ—Å–ª–µ –∞–∫—Ç–∏–≤–Ω–æ–π –ø—Ä–æ–≥—É–ª–∫–∏ –≤ –ø–∞—Ä–∫–µ, –≥–¥–µ –º–æ–∂–Ω–æ –ø–æ–ø—Ä–æ–±–æ–≤–∞—Ç—å —Å–≤–µ–∂–∏–µ –±–ª—é–¥–∞, –¥–µ—Å–µ—Ä—Ç—ã –∏ –Ω–∞—Å–ª–∞–¥–∏—Ç—å—Å—è —á–∞—à–µ—á–∫–æ–π –∫–æ—Ñ–µ.
üìå –§–∏–ª—ë–≤—Å–∫–∏–π –±—É–ª—å–≤–∞—Ä, 16

–ü–µ—Ä–µ–∫—É—Å–∏–≤ –∏ –Ω–∞–±—Ä–∞–≤—à–∏—Å—å —Å–∏–ª, –∑–∞–≤–µ—Ä—à–∞–µ–º –º–∞—Ä—à—Ä—É—Ç –ø–æ—Å–µ—â–µ–Ω–∏–µ–º –ü–∞–Ω–¥–∞ –ü–∞—Ä–∫–∞, —Ä–∞—Å–ø–æ–ª–æ–∂–µ–Ω–Ω–æ–≥–æ —Ç–∞–∫–∂–µ –Ω–∞ —Ç–µ—Ä—Ä–∏—Ç–æ—Ä–∏–∏ –ø–∞—Ä–∫–∞ –§–∏–ª–∏. –ó–¥–µ—Å—å –º–æ–∂–Ω–æ –∏—Å–ø—ã—Ç–∞—Ç—å —Å–µ–±—è –Ω–∞ –≤–µ—Ä—ë–≤–æ—á–Ω—ã—Ö –º–∞—Ä—à—Ä—É—Ç–∞—Ö —Å—Ä–µ–¥–∏ –¥–µ—Ä–µ–≤—å–µ–≤, –ø–æ–ø—Ä–æ–±–æ–≤–∞—Ç—å —Ä–∞–∑–ª–∏—á–Ω—ã–µ —É—Ä–æ–≤–Ω–∏ —Å–ª–æ–∂–Ω–æ—Å—Ç–∏ –∏ –∑–∞–∫–æ–Ω—á–∏—Ç—å –ø—Ä–∏–∫–ª—é—á–µ–Ω–∏–µ –∑–∞—Ö–≤–∞—Ç—ã–≤–∞—é—â–∏–º —Ç—Ä–æ–ª–ª–µ–π–Ω—ã–º —Å–ø—É—Å–∫–æ–º. –°–ø—É—Å–∫–∞—è—Å—å –≤–Ω–∏–∑ –Ω–∞ —Ç–∞—Ä–∑–∞–Ω–∫–µ, –æ–±–¥—É–≤–∞–µ–º—ã–π –≤–µ—Ç–µ—Ä–∫–æ–º, —Å–≤–æ–±–æ–¥—É –æ—â—É—Ç–∏—Ç –∏ —Ä–µ–±–µ–Ω–æ–∫, –∏ –≤–∑—Ä–æ—Å–ª—ã–π.
üìå –ü–∞—Ä–∫ –§–∏–ª–∏, —Ä—è–¥–æ–º —Å –Ω–∞–±–µ—Ä–µ–∂–Ω–æ–π


–≠—Ç–æ—Ç –º–∞—Ä—à—Ä—É—Ç –ø–æ–¥–∞—Ä–∏—Ç –≤–∞–º –≤–æ–∑–º–æ–∂–Ω–æ—Å—Ç—å –Ω–∞—Å–ª–∞–¥–∏—Ç—å—Å—è –ø—Ä–∏—Ä–æ–¥–æ–π, –∞–∫—Ç–∏–≤–Ω—ã–º –æ—Ç–¥—ã—Ö–æ–º –∏ –ø—Ä–æ—Å—Ç–æ –≤–µ—Å–µ–ª–æ –ø—Ä–æ–≤–µ—Å—Ç–∏ –≤—Ä–µ–º—è–≤—Å–µ–≥–æ –≤ –Ω–µ—Å–∫–æ–ª—å–∫–∏—Ö —à–∞–≥–∞—Ö –æ—Ç –º–µ—Ç—Ä–æ –§–∏–ª–∏.
",https://disk.yandex.ru/i/JLSvdg3bLK2ozw,"https://yandex.ru/maps?rtext=55.745565,37.488091~55.750820,37.490629~55.751127,37.478234&rtt=pd"
–º–∞—Ä—à—Ä—É—Ç_–∑3,–∑–µ–ª—ë–Ω—ã–π,"–ó–µ–ª—ë–Ω—ã–π –º–∞—Ä—à—Ä—É—Ç 3üíö

–≠—Ç–æ—Ç –º–∞—Ä—à—Ä—É—Ç –æ—Ç–ª–∏—á–Ω–æ –ø–æ–¥–æ–π–¥—ë—Ç –¥–ª—è —Ç–µ—Ö, –∫–æ–º—É –Ω–µ —Ö–≤–∞—Ç–∞–µ—Ç –æ—â—É—â–µ–Ω–∏—è —É–µ–¥–∏–Ω—ë–Ω–Ω–æ—Å—Ç–∏ –∏ –≥–∞—Ä–º–æ–Ω–∏–∏.

–ü—ã—Ç–∞–µ–º—Å—è —Ä–∞—Å—Å–ª–∞–±–∏—Ç—å—Å—è –ø–æ–¥ –ª—é–±–∏–º—É—é –º—É–∑—ã–∫—É –∏ –µ–¥–µ–º –¥–æ –º–µ—Ç—Ä–æ –ö–∞–ª—É–∂—Å–∫–∞—è. –ù–∞—á–Ω–µ–º —Å –ø—Ä–æ–≥—É–ª–∫–∏ –ø–æ –í–æ—Ä–æ–Ω—Ü–æ–≤—Å–∫–æ–º—É –ø–∞—Ä–∫—É. –≠—Ç–æ —Ç–∏—Ö–∏–π –∏ —É—é—Ç–Ω—ã–π –ø–∞—Ä–∫ —Å –∂–∏–≤–æ–ø–∏—Å–Ω—ã–º–∏ –ø—Ä—É–¥–∞–º–∏, –ª–∞–Ω–¥—à–∞—Ñ—Ç–Ω—ã–º–∏ –∫–æ–º–ø–æ–∑–∏—Ü–∏—è–º–∏ –∏ —É—Ö–æ–∂–µ–Ω–Ω—ã–º–∏ –∞–ª–ª–µ—è–º–∏. –ó–¥–µ—Å—å –≤—ã —Å–º–æ–∂–µ—Ç–µ –æ—Ç–¥–æ—Ö–Ω—É—Ç—å –≤–¥–∞–ª–∏ –æ—Ç –≥–æ—Ä–æ–¥—Å–∫–æ–π —Å—É–µ—Ç—ã, –Ω–∞—Å–ª–∞–¥–∏—Ç—å—Å—è –ø—Ä–æ–≥—É–ª–∫–æ–π –ø–æ –ø–∞—Ä–∫—É –∏ –Ω–∞—Å–ª–∞–¥–∏—Ç—å—Å—è –ø—Ä–∏—Ä–æ–¥–æ–π –≤ –≥–∞—Ä–º–æ–Ω–∏–∏ —Å –ª–∞–Ω–¥—à–∞—Ñ—Ç–Ω—ã–º –¥–∏–∑–∞–π–Ω–æ–º.
üìå —É–ª. –í–æ—Ä–æ–Ω—Ü–æ–≤—Å–∫–∏–µ –ü—Ä—É–¥—ã, 3

–ü–æ—Å–ª–µ –ø—Ä–æ–≥—É–ª–∫–∏ –æ—Ç–ø—Ä–∞–≤–ª—è–µ–º—Å—è –≤ –∫–∞—Ñ–µ Prime, —Ä–∞—Å–ø–æ–ª–æ–∂–µ–Ω–Ω–æ–µ –Ω–µ–ø–æ–¥–∞–ª—ë–∫—É. –≠—Ç–æ —Å–æ–≤—Ä–µ–º–µ–Ω–Ω–æ–µ –∑–∞–≤–µ–¥–µ–Ω–∏–µ —Å —Ä–∞–∑–Ω–æ–æ–±—Ä–∞–∑–Ω—ã–º –º–µ–Ω—é –∏ —É—é—Ç–Ω–æ–π –∞—Ç–º–æ—Å—Ñ–µ—Ä–æ–π, –≥–¥–µ –º–æ–∂–Ω–æ –ø–æ–ø—Ä–æ–±–æ–≤–∞—Ç—å –±–ª—é–¥–∞ –∫–∞–∫ –µ–≤—Ä–æ–ø–µ–π—Å–∫–æ–π, —Ç–∞–∫ –∏ —Ä—É—Å—Å–∫–æ–π –∫—É—Ö–Ω–∏. –û—Ç–ª–∏—á–Ω–æ–µ –º–µ—Å—Ç–æ, —á—Ç–æ–±—ã —Å–¥–µ–ª–∞—Ç—å –ø–∞—É–∑—É –∏ –Ω–∞—Å–ª–∞–¥–∏—Ç—å—Å—è –æ–±–µ–¥–æ–º.
üìå —É–ª. –ê–∫–∞–¥–µ–º–∏–∫–∞ –ü–∏–ª—é–≥–∏–Ω–∞, 14

–ó–∞–∫–∞–Ω—á–∏–≤–∞–µ–º –ø—Ä–æ–≥—É–ª–∫—É –ø–æ—Å–µ—â–µ–Ω–∏–µ–º –£—Å–∞–¥—å–±—ã –í–æ—Ä–æ–Ω—Ü–æ–≤–æ, –∫–æ—Ç–æ—Ä–∞—è –Ω–∞—Ö–æ–¥–∏—Ç—Å—è –≤ —Å–∞–º–æ–º —Ü–µ–Ω—Ç—Ä–µ –ø–∞—Ä–∫–∞. –≠—Ç–æ –∏—Å—Ç–æ—Ä–∏—á–µ—Å–∫–æ–µ –º–µ—Å—Ç–æ —Å –±–æ–≥–∞—Ç–æ–π –∞—Ä—Ö–∏—Ç–µ–∫—Ç—É—Ä–æ–π, –∫–æ—Ç–æ—Ä–æ–µ —Å—Ç–∞–Ω–µ—Ç –∏–¥–µ–∞–ª—å–Ω—ã–º —Ñ–æ–Ω–æ–º –¥–ª—è —Ñ–æ—Ç–æ–≥—Ä–∞—Ñ–∏–π –∏ –æ—Ç–∫—Ä–æ–µ—Ç –ø–µ—Ä–µ–¥ –≤–∞–º–∏ –∏–Ω—Ç–µ—Ä–µ—Å–Ω—ã–µ —Å—Ç—Ä–∞–Ω–∏—Ü—ã –∏—Å—Ç–æ—Ä–∏–∏ –ú–æ—Å–∫–≤—ã.
üìå —É–ª. –í–æ—Ä–æ–Ω—Ü–æ–≤—Å–∫–∏–µ –ü—Ä—É–¥—ã, 3

–ê –≤–∞—à–∞ –º—É–∑—ã–∫–∞ –æ—Å–æ–±–µ–Ω–Ω–æ –ø–æ–º–æ–∂–µ—Ç –Ω–∞—Å–ª–∞–¥–∏—Ç—å—Å—è –≤–∞–º –∑–µ–ª—ë–Ω—ã–º–∏ —É–≥–æ–ª–∫–∞–º–∏ –ú–æ—Å–∫–≤—ã –∏ –ø—Ä–æ–≤–µ—Å—Ç–∏ –¥–µ–Ω—å –≤ —Å–ø–æ–∫–æ–π–Ω–æ–π –∏ —É—é—Ç–Ω–æ–π –∞—Ç–º–æ—Å—Ñ–µ—Ä–µ —Å—Ç–∞—Ä–∏–Ω–Ω–æ–≥–æ –ø–∞—Ä–∫–∞.
",https://disk.yandex.ru/i/CO1-OTbGQaNGBA,"

https://yandex.ru/maps?rtext=55.666613,37.531447~55.656235,37.526187~55.667241,37.531968&rtt=pd"
–º–∞—Ä—à—Ä—É—Ç_—Å1,—Å–∏–Ω–∏–π,"–°–∏–Ω–∏–π –º–∞—Ä—à—Ä—É—Ç 1 üíô

–í–æ—Ç –º–∞—Ä—à—Ä—É—Ç, –ø—Ä–æ—Ö–æ–¥—è—â–∏–π –Ω–µ–¥–∞–ª–µ–∫–æ –æ—Ç —Å–∞–º–æ–≥–æ —Ü–µ–Ω—Ç—Ä–∞ –ú–æ—Å–∫–≤—ã, –∫–æ—Ç–æ—Ä—ã–π –º–æ–∂–µ—Ç –∑–∞–∏–Ω—Ç–µ—Ä–µ—Å–æ–≤–∞—Ç—å –ª—é–¥–µ–π —Å —Å–∏–Ω–µ–π –≤–æ–ª–Ω–æ–π –≤ –Ø–Ω–¥–µ–∫—Å.–ú—É–∑—ã–∫–µ 

–ù–∞—á–∏–Ω–∞–µ–º –Ω–∞—à—É –ø—Ä–æ–≥—É–ª–∫—É –æ–±—ã—á–Ω–æ - –Ω–∞—É—à–Ω–∏–∫–∏ –≤ —É—à–∏ –∏ –µ–¥–µ–º –¥–æ –º–µ—Ç—Ä–æ –ö—Ä–æ–ø–æ—Ç–∫–∏–Ω—Å–∫–∞—è. –¢–∞–º –Ω–∞—Ö–æ–¥–∏—Ç—Å—è –≥–ª–∞–≤–Ω–∞—è —Ç–æ—á–∫–∞ –Ω–∞—à–µ–≥–æ –º–∞—Ä—à—Ä—É—Ç–∞.

–ì–ú–ò–ò –∏–º. –ü—É—à–∫–∏–Ω–∞
- –ú—É–∑–µ–π –º–∏—Ä–æ–≤–æ–≥–æ –∏—Å–∫—É—Å—Å—Ç–≤–∞ —Å —ç–∫—Å–ø–æ–Ω–∞—Ç–∞–º–∏, –Ω–∞—á–∏–Ω–∞—è —Å –∞–Ω—Ç–∏—á–Ω–æ—Å—Ç–∏ –∏ –∑–∞–∫–∞–Ω—á–∏–≤–∞—è —ç–ø–æ—Ö–æ–π –º–æ–¥–µ—Ä–Ω–∏–∑–º–∞.
–°—É—â–µ—Å—Ç–≤—É—é—Ç –¥–Ω–∏ –±–µ—Å–ø–ª–∞—Ç–Ω–æ–≥–æ –ø–æ—Å–µ—â–µ–Ω–∏—è –º—É–∑–µ—è, –æ —á–µ–º –º–æ–∂–Ω–æ –ø–æ—á–∏—Ç–∞—Ç—å –Ω–∞ —Å–∞–π—Ç–µ. –ú–æ–∂–Ω–æ –ø—Ä–æ–π—Ç–∏ –Ω–∞ –≤—ã—Å—Ç–∞–≤–∫—É –ø–æ –ü—É—à–∫–∏–Ω—Å–∫–æ–π –∫–∞—Ä—Ç–µ.
üìå –í–æ–ª—Ö–æ–Ω–∫–∞, 12

–ï—Å–ª–∏ –≤—ã –≤–¥—Ä—É–≥ –ø—Ä–æ–≥–æ–ª–æ–¥–∞–ª–∏—Å—å –ø–æ—Å–ª–µ –ø–æ—Å–µ—â–µ–Ω–∏—è –º—É–∑–µ—è, –ø—Ä–µ–¥–ª–∞–≥–∞–µ–º –≤–∞–º –¥–ª—è –ø–æ—Å–µ—â–µ–Ω–∏—è –±—é–¥–∂–µ—Ç–Ω—ã–µ –º–µ—Å—Ç–∞ –Ω–µ–ø–æ–¥–∞–ª–µ–∫—É:
- –ö–æ—Ñ–µ–π–Ω—è ¬´–ú–æ—Å–∫–æ–≤—Å–∫–æ–µ –≤—Ä–µ–º—è¬ª  ‚Äî –Ω–µ–¥–æ—Ä–æ–≥–æ–µ –∫–∞—Ñ–µ —Å–æ —Å–≤–µ–∂–µ–π –≤—ã–ø–µ—á–∫–æ–π
üìå–ì–æ–≥–æ–ª–µ–≤—Å–∫–∏–π –±—É–ª—å–≤–∞—Ä, 8
-  Surf Coffee X Pi - –º–µ—Å—Ç–æ —Å –ª–µ–≥–∫–æ–π –º—É–∑—ã–∫–æ–π –∏ —Å—Ç–∏–ª—å–Ω—ã–º –∏–Ω—Ç–µ—Ä—å–µ—Ä–æ–º 
üìå–û—Å—Ç–æ–∂–µ–Ω–∫–∞ 3/14

–ù—É –∞ –µ—Å–ª–∏ –≤—ã –µ—â–µ –Ω–µ –Ω–∞–≥—É–ª—è–ª–∏—Å—å, –ø—Ä–µ–¥–ª–∞–≥–∞–µ–º –≤–∞–º —Å–ª–µ–¥—É—é—â–∏–µ –º–µ—Å—Ç–∞ –∫ –ø–æ—Å–µ—â–µ–Ω–∏—é:
- –•—Ä–∞–º –•—Ä–∏—Å—Ç–∞ –°–ø–∞—Å–∏—Ç–µ–ª—è ‚Äî –∫—Ä—É–ø–Ω–µ–π—à–∏–π –ø—Ä–∞–≤–æ—Å–ª–∞–≤–Ω—ã–π —Ö—Ä–∞–º –†–æ—Å—Å–∏–∏ —Å –∫—Ä–∞—Å–∏–≤–æ–π –∞—Ä—Ö–∏—Ç–µ–∫—Ç—É—Ä–æ–π –∏ –∏—Å—Ç–æ—Ä–∏–µ–π.
üìå —É–ª. –í–æ–ª—Ö–æ–Ω–∫–∞, 15
- –ü–∞—Ä–∫ –ú—É–∑–µ–æ–Ω ‚Äî –ø–∞—Ä–∫ —Å–∫—É–ª—å–ø—Ç—É—Ä –Ω–∞ –ö—Ä—ã–º—Å–∫–æ–º –í–∞–ª—É —Å —Å–æ–≤—Ä–µ–º–µ–Ω–Ω—ã–º –∏—Å–∫—É—Å—Å—Ç–≤–æ–º –Ω–∞ –æ—Ç–∫—Ä—ã—Ç–æ–º –≤–æ–∑–¥—É—Ö–µ.",https://disk.yandex.ru/i/ia7Vqvk2qAnicQ,"https://yandex.ru/maps?rtext=55.747408,37.606972~55.746216,37.600520~55.743923,37.601900~55.733055,37.604646&rtt=pd"
–º–∞—Ä—à—Ä—É—Ç_—Å2,—Å–∏–Ω–∏–π,"–°–∏–Ω–∏–π –º–∞—Ä—à—Ä—É—Ç 2 üíô

–ï—Å–ª–∏ —Ü–≤–µ—Ç –≤–∞—à–µ–π –≤–æ–ª–Ω—ã –≤ –Ø–Ω–¥–µ–∫—Å.–ú—É–∑—ã–∫–µ ‚Äì –æ—Ç—Ç–µ–Ω–æ–∫ —Å–∏–Ω–µ–≥–æ, —Ç–æ–≥–¥–∞ –≤–∞–º –ø–æ –¥—É—à–µ —Å–ø–æ–∫–æ–π–Ω–∞—è –¥–µ—è—Ç–µ–ª—å–Ω–æ—Å—Ç—å. –í–µ—Ä–æ—è—Ç–Ω–æ –≤–∞—Å –∑–∞–∏–Ω—Ç–µ—Ä–µ—Å—É—é—Ç –∏–Ω—Ç–µ–ª–ª–µ–∫—Ç—É–∞–ª—å–Ω—ã–µ –∞–∫—Ç–∏–≤–Ω–æ—Å—Ç–∏, –∫–æ—Ç–æ—Ä—ã–µ –º—ã —Ö–æ–¥–∏–º –ø—Ä–µ–¥–ª–æ–∂–∏—Ç—å –≤ –º–∞—Ä—à—Ä—É—Ç–µ:

–ü–æ–¥ –º–µ–ª–∞–Ω—Ö–æ–ª–∏—á–Ω—É—é –º—É–∑—ã–∫—É –¥–æ–µ–∑–∂–∞–µ–º –¥–æ –º–µ—Ç—Ä–æ –ë–∏–±–ª–∏–æ—Ç–µ–∫–∞ –∏–º–µ–Ω–∏ –õ–µ–Ω–∏–Ω–∞. –¢–∞–º –≤–∞—Å –æ–∂–∏–¥–∞–µ—Ç –æ—Å–Ω–æ–≤–Ω–∞—è –æ–¥–Ω–æ–∏–º–µ–Ω–Ω–∞—è —Ç–æ—á–∫–∞ –º–∞—Ä—à—Ä—É—Ç–∞ - –æ–¥–Ω–∞ –∏–∑ –∫—Ä—É–ø–Ω–µ–π—à–∏—Ö –±–∏–±–ª–∏–æ—Ç–µ–∫ –≤ –†–æ—Å—Å–∏–∏. –ó–¥–µ—Å—å –º–æ–∂–Ω–æ –Ω–µ —Ç–æ–ª—å–∫–æ –ø–æ—á–∏—Ç–∞—Ç—å –∫–Ω–∏–≥–∏, –Ω–æ –∏ –Ω–∞—Å–ª–∞–¥–∏—Ç—å—Å—è –∞—Ç–º–æ—Å—Ñ–µ—Ä–æ–π –∑–Ω–∞–Ω–∏–π. –ü—Ä–æ–≥—É–ª—è–π—Ç–µ—Å—å –ø–æ –∑–∞–ª–∞–º, –≤—ã–±–µ—Ä–∏—Ç–µ –∏–Ω—Ç–µ—Ä–µ—Å–Ω—É—é –ª–∏—Ç–µ—Ä–∞—Ç—É—Ä—É –∏ –Ω–∞–π–¥–∏—Ç–µ —É—é—Ç–Ω–æ–µ –º–µ—Å—Ç–æ –¥–ª—è —á—Ç–µ–Ω–∏—è.
üìç—É–ª. –í–æ–∑–¥–≤–∏–∂–µ–Ω–∫–∞, 3/5

–ö–æ–≥–¥–∞ –ø—Ä–æ–≥–æ–ª–æ–¥–∞–µ—Ç–µ—Å—å, –º–æ–∂–Ω–æ –±—É–¥–µ—Ç –ø—Ä–æ–¥–æ–ª–∂–∏—Ç—å –∑–∞–Ω–∏–º–∞—Ç—å—Å—è —Å–≤–æ–∏–º–∏ –¥–µ–ª–∞–º–∏ –≤ –Ω–æ–≤–æ–π —Ç–æ—á–∫–µ - –∫–∞—Ñ–µ ""–¶–∏—Ñ–µ—Ä–±–ª–∞—Ç"". –≠—Ç–æ —É–Ω–∏–∫–∞–ª—å–Ω–æ–µ –∑–∞–≤–µ–¥–µ–Ω–∏–µ, –≥–¥–µ –≤—ã –ø–ª–∞—Ç–∏—Ç–µ –∑–∞ –≤—Ä–µ–º—è, –ø—Ä–æ–≤–µ–¥–µ–Ω–Ω–æ–µ –∑–¥–µ—Å—å. –ê—Ç–º–æ—Å—Ñ–µ—Ä–∞ —Å–ø–æ–∫–æ–π—Å—Ç–≤–∏—è –∏ —É—é—Ç–∞ —Å–ø–æ—Å–æ–±—Å—Ç–≤—É–µ—Ç —Ç–≤–æ—Ä—á–µ—Å–∫–∏–º —Ä–∞–∑–º—ã—à–ª–µ–Ω–∏—è–º. –ó–¥–µ—Å—å –º–æ–∂–Ω–æ –ø–æ—Ä–∞–±–æ—Ç–∞—Ç—å –∑–∞ –Ω–æ—É—Ç–±—É–∫–æ–º, –ø–æ—á–∏—Ç–∞—Ç—å –∏–ª–∏ –ø—Ä–æ—Å—Ç–æ –ø–æ–æ–±—â–∞—Ç—å—Å—è —Å –∏–Ω—Ç–µ—Ä–µ—Å–Ω—ã–º–∏ –ª—é–¥—å–º–∏.
üìç—É–ª. –ö—É–∑–Ω–µ—Ü–∫–∏–π –º–æ—Å—Ç, 19, —Å—Ç—Ä 1.

–ò –∑–∞–≤–µ—Ä—à–∏—Ç—å –ø—Ä–æ–≥—É–ª–∫—É –º–æ–∂–Ω–æ –∑–∞–π–¥—è –≤ –∫–Ω–∏–∂–Ω—ã–π –º–∞–≥–∞–∑–∏–Ω ""–ú–æ—Å–∫–≤–∞"". –≠—Ç–æ –Ω–µ –ø—Ä–æ—Å—Ç–æ –º–∞–≥–∞–∑–∏–Ω, –∞ –Ω–∞—Å—Ç–æ—è—â–∞—è –∫—É–ª—å—Ç—É—Ä–Ω–∞—è –ø–ª–æ—â–∞–¥–∫–∞. –ó–¥–µ—Å—å —á–∞—Å—Ç–æ –ø—Ä–æ—Ö–æ–¥—è—Ç –ª–µ–∫—Ü–∏–∏, –ø—Ä–µ–∑–µ–Ω—Ç–∞—Ü–∏–∏ –∫–Ω–∏–≥ –∏ –æ–±—Å—É–∂–¥–µ–Ω–∏—è. –í—ã–±–µ—Ä–∏—Ç–µ –Ω–µ—Å–∫–æ–ª—å–∫–æ –∫–Ω–∏–≥, –∫–æ—Ç–æ—Ä—ã–µ –≤–∞—Å –∑–∞–∏–Ω—Ç–µ—Ä–µ—Å—É—é—Ç, –∏ –Ω–∞—Å–ª–∞–¥–∏—Ç–µ—Å—å –∞—Ç–º–æ—Å—Ñ–µ—Ä–æ–π –ª–∏—Ç–µ—Ä–∞—Ç—É—Ä–Ω–æ–≥–æ —É–µ–¥–∏–Ω–µ–Ω–∏—è.
üìç–¢–≤–µ—Ä—Å–∫–∞—è —É–ª., 8, –∫–æ—Ä–ø—É—Å 1.",https://disk.yandex.ru/i/kMIpeZAYs29Tqw,"https://yandex.ru/maps?rtext=55.751316,37.609372~55.762308,37.625837~55.762415,37.608946&rtt=pd"
–º–∞—Ä—à—Ä—É—Ç_—Å3,—Å–∏–Ω–∏–π,"–°–∏–Ω–∏–π –º–∞—Ä—à—Ä—É—Ç 3üíô

–ù–µ –∑–∞–±—É–¥—å—Ç–µ –≤–∑—è—Ç—å —Å —Å–æ–±–æ–π –Ω–∞—É—à–Ω–∏–∫–∏ –¥–ª—è –ø–æ–ª–Ω–æ–≥–æ –ø–æ–≥—Ä—É–∂–µ–Ω–∏—è –≤ –º—É–∑—ã–∫—É –ø–æ –≤—Ä–µ–º—è –ø—Ä–æ–≥—É–ª–∫–∏, –≤–µ–¥—å –µ—Å–ª–∏ —Ü–≤–µ—Ç –≤–∞—à–µ–π –Ø–Ω–¥–µ–∫—Å.–í–æ–ª–Ω—ã —Å–∏–Ω–∏–π ‚Äì —ç—Ç–æ—Ç –º–µ–ª–∞–Ω—Ö–æ–ª–∏—á–Ω—ã–π –º–∞—Ä—à—Ä—É—Ç –∏–¥–µ–∞–ª—å–Ω–æ –≤–∞–º –ø–æ–¥–æ–π–¥–µ—Ç. –î–ª–∏—Ç–µ–ª—å–Ω–∞—è –ø–µ—à–∞—è –ø—Ä–æ–≥—É–ª–∫–∞ –Ω–µ –æ—Å—Ç–∞–≤–∏—Ç –≤–∞—Å —Ä–∞–≤–Ω–æ–¥—É—à–Ω—ã–º.

–ù–∞—á–∞–ª—å–Ω–æ–π —Ç–æ—á–∫–æ–π –º–∞—Ä—à—Ä—É—Ç–∞ –º–æ–∂–µ—Ç —Å—Ç–∞—Ç—å –∑–∞–±—Ä–æ—à–µ–Ω–Ω—ã–π –∫–∏–Ω–æ—Ç–µ–∞—Ç—Ä ¬´–£–¥–∞—Ä–Ω–∏–∫¬ª. (–õ—É—á—à–µ –≤—Å–µ–≥–æ –µ—Ö–∞—Ç—å –¥–æ –º–µ—Ç—Ä–æ –ö—Ä–æ–ø–æ—Ç–∫–∏–Ω—Å–∫–∞—è) –≠—Ç–æ –º–µ—Å—Ç–æ, –∫–æ–≥–¥–∞-—Ç–æ –ø–æ–ª–Ω–æ–µ –∂–∏–∑–Ω–∏, —Ç–µ–ø–µ—Ä—å –≤—ã–≥–ª—è–¥–∏—Ç –∑–∞–±—Ä–æ—à–µ–Ω–Ω—ã–º –∏ —É–≥—Ä—é–º—ã–º. 
üìç–£–ª. –°–µ—Ä–∞—Ñ–∏–º–æ–≤–∏—á–∞, 2, –∫–æ—Ä–ø—É—Å 8

–°–∫–æ—Ä–µ–µ –≤—Å–µ–≥–æ –∏–∑-–∑–∞ –ø–ª–æ—Ö–æ–≥–æ –Ω–∞—Å—Ç—Ä–æ–µ–Ω–∏—è –≤–∞–º –∑–∞—Ö–æ—á–µ—Ç—Å—è –ø–æ—Å–∏–¥–µ—Ç—å –≤ —Ç–∏—Ö–æ–π –∫–æ—Ñ–µ–π–Ω–µ –∏ –ø–æ—Å–º–æ—Ç—Ä–µ—Ç—å, –∫–∞–∫ –∑–∞ –æ–∫–Ω–æ–º –∏–¥–µ—Ç –¥–æ–∂–¥—å, –ø–æ—ç—Ç–æ–º—É –º—ã –ø—Ä–µ–¥–ª–∞–≥–∞–µ–º –≤–∞–º –ø–æ—Å–µ—Ç–∏—Ç—å –ª—é–±–æ–µ –∫–∞—Ñ–µ –Ω–µ–ø–æ–¥–∞–ª–µ–∫—É, —á—Ç–æ–±—ã —Å–æ–≥—Ä–µ—Ç—å—Å—è. –ß–∞—à–∫–∞ –∫–æ—Ñ–µ –¥–æ–ª–∂–Ω–∞ –æ—Ç–≤–ª–µ—á—å –≤–∞—Å –æ—Ç –º—Ä–∞—á–Ω—ã—Ö –º—ã—Å–ª–µ–π, –∞ –∞—Ç–º–æ—Å—Ñ–µ—Ä–∞ –∏ —Ç–∞–∫ –±—É–¥–µ—Ç —Ä–∞—Å–ø–æ–ª–∞–≥–∞—Ç—å –∫ —Ä–∞–∑–º—ã—à–ª–µ–Ω–∏—è–º.

–ö–æ–≥–¥–∞ –¥–æ–∂–¥—å –∑–∞–∫–æ–Ω—á–∏—Ç—Å—è, –º–æ–∂–Ω–æ –æ—Ç–ø—Ä–∞–≤–∏—Ç—å—Å—è –≤ –ø–∞—Ä–∫, –ø–æ—á–∏—Ç–∞—Ç—å –∫–Ω–∏–≥—É –∏ –ø–æ–Ω–∞–±–ª—é–¥–∞—Ç—å –∑–∞ —Ä–∞–∑–º–µ—Ä–µ–Ω–Ω–æ –∏–¥—É—â–∏–º–∏ –ª—é–¥—å–º–∏ –ø–æ —Ç—Ä–æ–ø–∏–Ω–∫–∞–º.
‚Ä¢ –ü–∞—Ä–∫ ""–°–∞–¥ –∏–º–µ–Ω–∏ –ë–∞—É–º–∞–Ω–∞"": –ù–µ–±–æ–ª—å—à–æ–π, –Ω–æ —É—é—Ç–Ω—ã–π –ø–∞—Ä–∫ —Å –∑–∞–ø—É—â–µ–Ω–Ω—ã–º–∏ –∞–ª–ª–µ—è–º–∏ –∏ –∑–∞–±—Ä–æ—à–µ–Ω–Ω—ã–º–∏ —É–≥–æ–ª–∫–∞–º–∏. –ó–¥–µ—Å—å –º–æ–∂–Ω–æ –Ω–∞–π—Ç–∏ —É–µ–¥–∏–Ω–µ–Ω–∏–µ –∏ –Ω–∞—Å–ª–∞–¥–∏—Ç—å—Å—è —Ç–∏—à–∏–Ω–æ–π, —á—Ç–æ –¥–æ–±–∞–≤–ª—è–µ—Ç –Ω–æ—Ç–∫—É –º–µ–ª–∞–Ω—Ö–æ–ª–∏–∏.
üìç–°—Ç–∞—Ä–∞—è –ë–∞—Å–º–∞–Ω–Ω–∞—è —É–ª., 15–ê, —Å—Ç—Ä.4

‚Ä¢ –°–∫–≤–µ—Ä –Ω–∞ —É–ª–∏—Ü–µ –õ–µ—Å–Ω–æ–π: –≠—Ç–æ —Ç–∏—Ö–∏–π —Å–∫–≤–µ—Ä —Å —Ä–µ–¥–∫–∏–º–∏ –ø–æ—Å–µ—Ç–∏—Ç–µ–ª—è–º–∏, –≥–¥–µ –º–æ–∂–Ω–æ –ø–æ—Å–∏–¥–µ—Ç—å –Ω–∞ —Å–∫–∞–º–µ–π–∫–µ –∏ –ø–æ—Ä–∞–∑–º—ã—à–ª—è—Ç—å –æ —Å–≤–æ–∏—Ö –º—ã—Å–ª—è—Ö. –ó–∞–±—Ä–æ—à–µ–Ω–Ω—ã–µ –ø–∞–º—è—Ç–Ω–∏–∫–∏ –∏ —Å—Ç–∞—Ä—ã–µ –¥–µ—Ä–µ–≤—å—è —Å–æ–∑–¥–∞—é—Ç –∞—Ç–º–æ—Å—Ñ–µ—Ä—É –∑–∞–±–≤–µ–Ω–∏—è.
üìç—É–ª. –õ–µ—Å–Ω–∞—è
",https://disk.yandex.ru/i/8DmNfs2J8SV9wQ,"https://yandex.ru/maps?rtext=55.743188,37.614153~55.765878,37.661021~55.780137,37.590964&rtt=pd"
–º–∞—Ä—à—Ä—É—Ç_—Ñ1,—Ñ–∏–æ–ª–µ—Ç–æ–≤—ã–π,"–§–∏–æ–ª–µ—Ç–æ–≤—ã–π –º–∞—Ä—à—Ä—É—Ç 1 üíú

–ú–∞—Ä—à—Ä—É—Ç –Ω–∞—á–∏–Ω–∞–µ—Ç—Å—è —Å –º—É–∑—ã–∫–∏ –≤–∞—à–µ–π –Ø–Ω–¥–µ–∫—Å.–í–æ–ª–Ω—ã –≤ —É—à–∞—Ö –∏ –ø–æ–µ–∑–¥–∫–∏ –¥–æ –º–µ—Ç—Ä–æ –ú–∞—è–∫–æ–≤—Å–∫–∞—è. –ü—Ä–æ–≥—É–ª–∏–≤–∞—è—Å—å –ø–æ —Å—Ç–∞—Ä–∏–Ω–Ω—ã–º —É–ª–∏—Ü–∞–º –ú–æ—Å–∫–≤—ã, –Ω–∞—Å –æ–∂–∏–¥–∞–µ—Ç –ø–µ—Ä–≤–∞—è –∏ –æ—Å–Ω–æ–≤–Ω–∞—è —Ç–æ—á–∫–∞ –º–∞—Ä—à—Ä—É—Ç–∞. –≠–Ω–µ—Ä–≥–µ—Ç–∏—á–µ—Å–∫–∏ —Å–∏–ª—å–Ω–æ–µ, –∑–∞–∫–æ–ª–¥–æ–≤–∞–Ω–Ω–æ–µ –∏ —á–∞—Ä—É—é—â–µ–µ –º–µ—Å—Ç–æ - –ü–∞—Ç—Ä–∏–∞—Ä—à–∏–µ –ø—Ä—É–¥—ã - –∏—Å—Ç–æ—Ä–∏—á–µ—Å–∫–∏–π —Ä–∞–π–æ–Ω, —Å–≤—è–∑–∞–Ω–Ω—ã–π —Å –º–∏—Å—Ç–∏–∫–æ–π –∏ —Ä–æ–º–∞–Ω–æ–º –ú–∏—Ö–∞–∏–ª–∞ –ë—É–ª–≥–∞–∫–æ–≤–∞ ¬´–ú–∞—Å—Ç–µ—Ä –∏ –ú–∞—Ä–≥–∞—Ä–∏—Ç–∞¬ª. –ú–æ–∂–µ—Ç –≥–¥–µ-—Ç–æ –≤ —Ç–µ–Ω–∏ –ø—Ä–æ—à–º—ã–≥–Ω–µ—Ç –∫–æ—Ç –ë–µ–≥–µ–º–æ—Ç‚Ä¶
üìå–ú–∞–ª—ã–π –ü–∞—Ç—Ä–∏–∞—Ä—à–∏–π –ø–µ—Ä–µ—É–ª–æ–∫, —É–ª. –ú–∞–ª–∞—è –ë—Ä–æ–Ω–Ω–∞—è

–ï—Å–ª–∏ –≤—ã –ø—Ä–æ–≥–æ–ª–æ–¥–∞–µ—Ç–µ—Å—å, —Ç–æ –Ω–∞ –ü–∞—Ç—Ä–∏–∞—Ä—à–∏—Ö –µ—Å—Ç—å –º–Ω–æ–≥–æ –∫–∞—Ñ–µ –∏ —Ä–µ—Å—Ç–æ—Ä–∞–Ω–æ–≤, –Ω–æ –º—ã –ø—Ä–µ–¥–ª–∞–≥–∞–µ–º –≤–∞–º –±—é–¥–∂–µ—Ç–Ω—ã–π –≤–∞—Ä–∏–∞–Ω—Ç:
–í–æ–ª–∫–æ–Ω—Å–∫–∏–π ‚Äî –∫–∞—Ñ–µ —Å –æ—Ç–ª–∏—á–Ω—ã–º–∏ –∑–∞–≤—Ç—Ä–∞–∫–∞–º–∏ –∏ –Ω–µ–¥–æ—Ä–æ–≥–∏–º –∫–æ—Ñ–µ.
üìå –ë–æ–ª—å—à–∞—è –°–∞–¥–æ–≤–∞—è —É–ª., 2/46—Å1

–ß—Ç–æ–±—ã –æ–∫—É–Ω—É—Ç—å—Å—è —Å –≥–æ–ª–æ–≤–æ–π –≤ –∞—Ç–º–æ—Å—Ñ–µ—Ä—É –º–∏—Å—Ç–∏–∫–∏ –∏ —Ç–≤–æ—Ä—á–µ—Å—Ç–≤–∞, –ø—Ä–µ–¥–ª–∞–≥–∞–µ–º –ø–æ—Å–µ—Ç–∏—Ç—å –≤–∞–º —Å–ª–µ–¥—É—é—â–∏–µ –º–µ—Å—Ç–∞:
- –ú—É–∑–µ–π –ú–∏—Ö–∞–∏–ª–∞ –ë—É–ª–≥–∞–∫–æ–≤–∞ - –∫–≤–∞—Ä—Ç–∏—Ä–∞-–º—É–∑–µ–π, —Å–≤—è–∑–∞–Ω–Ω–∞—è —Å –º–∏—Å—Ç–∏–∫–æ–π —Ä–æ–º–∞–Ω–∞ ¬´–ú–∞—Å—Ç–µ—Ä –∏ –ú–∞—Ä–≥–∞—Ä–∏—Ç–∞¬ª.
üìå–ë–æ–ª—å—à–∞—è –°–∞–¥–æ–≤–∞—è —É–ª–∏—Ü–∞, 10

- –¢–µ–∞—Ç—Ä –Ω–∞ –ú–∞–ª–æ–π –ë—Ä–æ–Ω–Ω–æ–π ‚Äî –Ω–µ–±–æ–ª—å—à–∞—è —Ç–µ–∞—Ç—Ä–∞–ª—å–Ω–∞—è –ø–ª–æ—â–∞–¥–∫–∞ —Å –∏–Ω—Ç–µ—Ä–µ—Å–Ω—ã–º–∏ —Å–æ–≤—Ä–µ–º–µ–Ω–Ω—ã–º–∏ –ø–æ—Å—Ç–∞–Ω–æ–≤–∫–∞–º–∏.
üìå–ú–∞–ª–∞—è –ë—Ä–æ–Ω–Ω–∞—è —É–ª–∏—Ü–∞, 4

- –î–æ–º –ú–æ—Å—Å–µ–ª—å–ø—Ä–æ–º–∞ ‚Äî –ª–µ–≥–µ–Ω–¥–∞—Ä–Ω–æ–µ –∑–¥–∞–Ω–∏–µ –≤ —Å—Ç–∏–ª–µ –∫–æ–Ω—Å—Ç—Ä—É–∫—Ç–∏–≤–∏–∑–º–∞, —Å–æ—Ö—Ä–∞–Ω–∏–≤—à–µ–µ –∞—Ç–º–æ—Å—Ñ–µ—Ä—É 1920-—Ö –≥–æ–¥–æ–≤.
üìå–ö–∞–ª–æ—à–∏–Ω –ø–µ—Ä–µ—É–ª–æ–∫, 10
",https://disk.yandex.ru/i/Ox0v0MxAnviabw,"https://yandex.ru/maps?rtext=55.765731,37.591102~55.767041,37.593958~55.759531,37.597982~55.753910,37.602481&rtt=pd"
–º–∞—Ä—à—Ä—É—Ç_—Ñ2,—Ñ–∏–æ–ª–µ—Ç–æ–≤—ã–π,"–§–∏–æ–ª–µ—Ç–æ–≤—ã–π –º–∞—Ä—à—Ä—É—Ç 2üíú

–õ—é–±–æ–º—É —á–µ–ª–æ–≤–µ–∫—É, –∏–Ω—Ç–µ—Ä–µ—Å—É—é—â–µ–º—É—Å—è –∏—Å–∫—É—Å—Å—Ç–≤–æ–º (–∞ –∏–º–µ–Ω–Ω–æ —É —Ç–∞–∫–∏—Ö –ª—é–¥–µ–π —Ü–≤–µ—Ç –Ø–Ω–¥–µ–∫—Å.–í–æ–ª–Ω—ã ‚Äì —Ñ–∏–æ–ª–µ—Ç–æ–≤—ã–π), –ø–æ–¥–æ–π–¥–µ—Ç —ç—Ç–æ—Ç –º–∞—Ä—à—Ä—É—Ç! –í–∫–ª—é—á–∞–µ–º –ø–æ–¥–æ–±—Ä–∞–Ω–Ω—ã–µ –∞–ª–≥–æ—Ä–∏—Ç–º–∞–º–∏ –Ø–Ω–¥–µ–∫—Å–∞ —Ç—Ä–µ–∫–∏ –∏ –≤ –ø—É—Ç—å –¥–æ –º–µ—Ç—Ä–æ –¢—Ä–µ—Ç—å—è–∫–æ–≤—Å–∫–∞—è. –ü—Ä–æ–≥—É–ª–∏–≤–∞—è—Å—å –ø–æ –ö–∞–¥–∞—à–µ–≤—Å–∫–æ–π –Ω–∞–±–µ—Ä–µ–∂–Ω–æ–π –Ω–∞–ø—Ä–∞–≤–ª—è–µ–º—Å—è –∫ –¢—Ä–µ—Ç—å—è–∫–æ–≤—Å–∫–æ–π –≥–∞–ª–µ—Ä–µ–∏ ‚Äì –æ—Å–Ω–æ–≤–Ω–æ–º—É –º–µ—Å—Ç—É –Ω–∞—à–µ–≥–æ –º–∞—Ä—à—Ä—É—Ç–∞. –≠—Ç–æ –æ–¥–∏–Ω –∏–∑ –ª—É—á—à–∏—Ö –º—É–∑–µ–µ–≤ –†–æ—Å—Å–∏–∏, –≥–¥–µ —Å–æ–±—Ä–∞–Ω—ã —à–µ–¥–µ–≤—Ä—ã —Ä—É—Å—Å–∫–æ–≥–æ –∏—Å–∫—É—Å—Å—Ç–≤–∞ –æ—Ç –¥—Ä–µ–≤–Ω–æ—Å—Ç–∏ –¥–æ —Å–æ–≤—Ä–µ–º–µ–Ω–Ω–æ—Å—Ç–∏. –ù–∞ —Å–∞–π—Ç–µ –º–æ–∂–Ω–æ —É–∑–Ω–∞—Ç—å –∏–Ω—Ñ–æ—Ä–º–∞—Ü–∏—é –æ –ø—Ä–µ–¥—Å—Ç–æ—è—â–∏—Ö –≤—ã—Å—Ç–∞–≤–∫–∞—Ö –∏ —Å—Ç–æ–∏–º–æ—Å—Ç–∏ –±–∏–ª–µ—Ç–æ–≤.
üìå –õ–∞–≤—Ä—É—à–∏–Ω—Å–∫–∏–π –ø–µ—Ä., 10, —Å—Ç—Ä. 4

–ß—Ç–æ–±—ã –æ–±–æ–π—Ç–∏ –≤—Å—é –¢—Ä–µ—Ç—å—è–∫–æ–≤—Å–∫—É—é –≥–∞–ª–µ—Ä–µ—é –º–æ–∂–µ—Ç –ø–æ—Ç—Ä–µ–±–æ–≤–∞—Ç—å—Å—è –Ω–∏ –æ–¥–∏–Ω —á–∞—Å, –ø–æ—ç—Ç–æ–º—É, –µ—Å–ª–∏ –≤—ã —Å–∏–ª—å–Ω–æ –ø—Ä–æ–≥–æ–ª–æ–¥–∞–µ—Ç–µ—Å—å, –ø—Ä–µ–¥–ª–∞–≥–∞–µ–º –≤–∞–º –º–µ—Å—Ç–æ –¥–ª—è –µ–¥—ã, –∞ —Ç–æ—á–Ω–µ–µ –¥–ª—è –≤–¥–æ—Ö–Ω–æ–≤–µ–Ω–∏—è - –∞–Ω—Ç–∏–∫–∞—Ñ–µ –ü—É—à–∏—Å—Ç–∞—è –±—Ä–∞—Ç–≤–∞. –≠—Ç–æ –∫–∞—Ñ–µ —Å –º–∏–ª–µ–π—à–∏–º–∏ –∑–≤–µ—Ä—é—à–∫–∞–º–∏, –∫–æ—Ç–æ—Ä—ã–µ –Ω–∏–∫–æ–≥–æ –Ω–µ –æ—Å—Ç–∞–≤—è—Ç —Ä–∞–≤–Ω–æ–¥—É—à–Ω—ã–º–∏. –£—é—Ç–Ω–∞—è –∞—Ç–º–æ—Å—Ñ–µ—Ä–∞ —ç—Ç–æ–≥–æ –º–µ—Å—Ç–∞ –Ω–∏–∫–æ–≥–æ –Ω–µ –æ—Å—Ç–∞–≤–∏—Ç —Ä–∞–≤–Ω–æ–¥—É—à–Ω—ã–º, –∏ –≤—ã –Ω–∞–±–µ—Ä–µ—Ç–µ—Å—å –≤–¥–æ—Ö–Ω–æ–≤–µ–Ω–∏—è –Ω–∞ –æ—Å—Ç–∞–≤—à–µ–µ—Å—è –≤—Ä–µ–º—è –ø—Ä–æ–≥—É–ª–∫–∏.
üìå  —É–ª. –ë–æ–ª—å—à–∞—è –ü–æ–ª—è–Ω–∫–∞, 19

–ü—Ä–æ–≥—É–ª–∏–≤–∞—è—Å—å –ø–æ –Ω–∞–±–µ—Ä–µ–∂–Ω–æ–π –ú–æ—Å–∫–≤—ã —Ä–µ–∫–∏ –º–æ–∂–Ω–æ –Ω–∞—Ç–∫–Ω—É—Ç—å—Å—è –Ω–∞ –º–Ω–æ–∂–µ—Å—Ç–≤–æ –∏–Ω—Ç–µ—Ä–µ—Å–Ω—ã—Ö –º–µ—Å—Ç, –Ω–æ –º—ã –ø—Ä–µ–¥–ª–∞–≥–∞–µ–º –≤–∞–º, –µ—Å–ª–∏ –≤—ã –Ω–µ –±—É–¥–µ—Ç–µ —Å–∏–ª—å–Ω–æ –≤—ã–º–æ—Ç–∞–Ω—ã, –ø—Ä–µ–¥–ª–∞–≥–∞–µ–º –ø–æ—Å–µ—Ç–∏—Ç—å –ì–≠–°-2 –∏ –æ—â—É—Ç–∏—Ç—å –∫–æ–Ω—Ç—Ä–∞—Å—Ç –¢—Ä–µ—Ç—å—è–∫–æ–≤—Å–∫–æ–π –≥–∞–ª–µ—Ä–µ–∏ –∏ –¥–æ–º–∞ –∫—É–ª—å—Ç—É—Ä—ã. –¢—É—Ç –µ—Å—Ç—å —Ç–∏—Ö–∏–µ –º–µ—Å—Ç–∞ –¥–ª—è –∑–∞–Ω—è—Ç–∏–π —Ç–≤–æ—Ä—á–µ—Å—Ç–≤–æ–º, —É—á–µ–±–æ–π. –¢–∞–∫–∂–µ —Ç–∞–º –ø—Ä–æ—Ö–æ–¥—è—Ç –≤—ã—Å—Ç–∞–≤–∫–∏, –∏–Ω—Å—Ç–∞–ª–ª—è—Ü–∏–∏ –∏ –∫–∏–Ω–æ–ø–æ–∫–∞–∑—ã, –æ –∫–æ—Ç–æ—Ä—ã—Ö –º–æ–∂–Ω–æ –ø–æ—á–∏—Ç–∞—Ç—å –Ω–∞ —Å–∞–π—Ç–µ.
üìå –ë–æ–ª–æ—Ç–Ω–∞—è –Ω–∞–±., 15",https://disk.yandex.ru/i/HInRYVMJepk9pg,"https://yandex.ru/maps?rtext=55.741556,37.620028~55.738866,37.618070~55.742751,37.612732&rtt=pd"
–º–∞—Ä—à—Ä—É—Ç_—Ñ3,—Ñ–∏–æ–ª–µ—Ç–æ–≤—ã–π,"–§–∏–æ–ª–µ—Ç–æ–≤—ã–π –º–∞—Ä—à—Ä—É—Ç 3üíú

–ï—Å–ª–∏ —É –≤–∞—Å —Ñ–∏–æ–ª–µ—Ç–æ–≤–∞—è –Ø–Ω–¥–µ–∫—Å.–í–æ–ª–Ω–∞, –∑–Ω–∞—á–∏—Ç –≤—ã –æ–ø—Ä–µ–¥–µ–ª–µ–Ω–Ω–æ –ª—é–±–∏—Ç–µ–ª—å –º–∏—Å—Ç–∏–∫–∏ –∏ –∑–∞–≥–∞–¥–æ–∫ –≤ —Ç–≤–æ—Ä—á–µ—Å—Ç–≤–µ. –ü–æ—ç—Ç–æ–º—É –≤–∞—à –º–∞—Ä—à—Ä—É—Ç –º—ã –ø—Ä–µ–¥–ª–∞–≥–∞–µ–º –Ω–∞—á–∞—Ç—å —Å –ø—Ä–æ–≥—É–ª–∫–∏ –ø–æ –ù–æ–≤–æ–π –ë–∞—Å–º–∞–Ω–Ω–∞—è (—Å–∞–º–∞—è —É–¥–æ–±–Ω–∞—è —Å—Ç–∞–Ω—Ü–∏—è –º–µ—Ç—Ä–æ - –õ—É–±—è–Ω–∫–∞). –ì–ª–∞–≤–Ω–∞—è —Ç–æ—á–∫–∞ –Ω–∞—à–µ–≥–æ –º–∞—Ä—à—Ä—É—Ç–∞ - –ö–æ—Å—Ç—ë–ª –°–≤—è—Ç–æ–≥–æ –õ—é–¥–æ–≤–∏–∫–∞. –≠—Ç–æ—Ç –≥–æ—Ç–∏—á–µ—Å–∫–∏–π —Ö—Ä–∞–º, –ø–æ—Å—Ç—Ä–æ–µ–Ω–Ω—ã–π –≤ –∫–æ–Ω—Ü–µ XIX –≤–µ–∫–∞, –ø–æ—Ä–∞–∂–∞–µ—Ç —Å–≤–æ–µ–π –∞—Ä—Ö–∏—Ç–µ–∫—Ç—É—Ä–æ–π –∏ –∞—Ç–º–æ—Å—Ñ–µ—Ä–æ–π. –í–Ω—É—Ç—Ä–∏ –≤–∞—Å –≤—Å—Ç—Ä–µ—Ç—è—Ç –≤–∏—Ç—Ä–∞–∂–∏ –∏ —Ç–∞–∏–Ω—Å—Ç–≤–µ–Ω–Ω—ã–µ —Å—Ç–∞—Ç—É–∏, –∞ –≤ —Ç–∏—à–∏–Ω–µ –º–æ–∂–Ω–æ —É—Å–ª—ã—à–∞—Ç—å —ç—Ö–æ —à–∞–≥–æ–≤ –∏ —à–µ–ø–æ—Ç –∏—Å—Ç–æ—Ä–∏–∏. –õ–µ–≥–µ–Ω–¥—ã –≥–ª–∞—Å—è—Ç, —á—Ç–æ –≤ —ç—Ç–æ–º –∫–æ—Å—Ç—ë–ª–µ –º–æ–∂–Ω–æ –≤—Å—Ç—Ä–µ—Ç–∏—Ç—å –¥—É—à–∏ —Ç–µ—Ö, –∫—Ç–æ –∏—Å–∫–∞–ª –ø–æ–∫–æ—è –∏ —É–º–∏—Ä–æ—Ç–≤–æ—Ä–µ–Ω–∏—è.
üìå —É–ª. –ú–∞–ª–∞—è –õ—É–±—è–Ω–∫–∞, 12/7—Å8

–ß—Ç–æ–±—ã –ø–æ–≥—Ä—É–∑–∏—Ç—å—Å—è –≤ –∞—Ç–º–æ—Å—Ñ–µ—Ä—É —Å—Ç–∞—Ä–∏–Ω—ã –∏ –∑–∞–≥–∞–¥–æ–∫, –æ—Ç–∫—Ä—ã–≤–∞—è –Ω–æ–≤—ã–µ –≥—Ä–∞–Ω–∏ —É–∂–µ –∏–∑–≤–µ—Å—Ç–Ω–æ–≥–æ –≥–æ—Ä–æ–¥–∞, –º—ã –ø—Ä–µ–¥–ª–∞–≥–∞–µ–º –¥–æ–ø–æ–ª–Ω–∏—Ç—å –≤–∞—à –º–∞—Ä—à—Ä—É—Ç –ø–æ—Å–µ—â–µ–Ω–∏–µ–º —Å–ª–µ–¥—É—é—â–∏—Ö –º–µ—Å—Ç:

- –°–∞–¥ –≠—Ä–º–∏—Ç–∞–∂ ‚Äì –æ–¥–∏–Ω –∏–∑ —Å—Ç–∞—Ä–µ–π—à–∏—Ö –ø–∞—Ä–∫–æ–≤ –ú–æ—Å–∫–≤—ã, –≥–¥–µ –º–æ–∂–Ω–æ –Ω–∞—Å–ª–∞–¥–∏—Ç—å—Å—è —Ç–∏—à–∏–Ω–æ–π –∏ –ø—Ä–∏—Ä–æ–¥–æ–π. –ó–¥–µ—Å—å —Ö–æ–¥—è—Ç —Å–ª—É—Ö–∏ –æ –ø—Ä–∏–∑—Ä–∞–∫–∞—Ö, –∫–æ—Ç–æ—Ä—ã–µ, —Å–æ–≥–ª–∞—Å–Ω–æ –ª–µ–≥–µ–Ω–¥–∞–º, –±—Ä–æ–¥—è—Ç –ø–æ –∞–ª–ª–µ—è–º –≤ –ø–æ–∏—Å–∫–∞—Ö –ø–æ—Ç–µ—Ä—è–Ω–Ω—ã—Ö –≤–æ—Å–ø–æ–º–∏–Ω–∞–Ω–∏–π.
üìå —É–ª. –ö–∞—Ä–µ—Ç–Ω—ã–π –†—è–¥, 3, —Å—Ç—Ä. 15–ê
- –°—Ç–∞—Ä—ã–π –ê—Ä–±–∞—Ç ‚Äì —Ö–æ—Ç—å —ç—Ç–æ –∏ –æ–¥–Ω–∞ –∏–∑ —Å–∞–º—ã—Ö –∏–∑–≤–µ—Å—Ç–Ω—ã—Ö —É–ª–∏—Ü –ú–æ—Å–∫–≤—ã –∏ –∫–∞–∂–¥—ã–π –∑–Ω–∞–µ—Ç –æ —Ç–æ–º, —á—Ç–æ –≥—É–ª—è—è –ø–æ –Ω–µ–π –º–æ–∂–Ω–æ –≤—Å—Ç—Ä–µ—Ç–∏—Ç—å –º–Ω–æ–∂–µ—Å—Ç–≤–æ –∞—Ä—Ç–∏—Å—Ç–æ–≤, –º–∞–ª–æ –∫—Ç–æ –∑–Ω–∞–µ—Ç –ø—Ä–æ —Å–ª—É—Ö–∏ –æ –ø—Ä–∏–∑—Ä–∞–∫–∞—Ö –ø–æ—ç—Ç–æ–≤ –∏ —Ö—É–¥–æ–∂–Ω–∏–∫–æ–≤, –∫–æ—Ç–æ—Ä—ã–µ –∫–æ–≥–¥–∞-—Ç–æ –∂–∏–ª–∏ –∏ —Ç–≤–æ—Ä–∏–ª–∏ –≤ —ç—Ç–∏—Ö –º–µ—Å—Ç–∞—Ö.
üìå —É–ª. –ê—Ä–±–∞—Ç

–ê –µ—Å–ª–∏ –≤—ã –≤–¥—Ä—É–≥ –ø—Ä–æ–≥–æ–ª–æ–¥–∞–µ—Ç–µ—Å—å, –ø—Ä–µ–¥–ª–∞–≥–∞–µ–º –∑–∞–≥–ª—è–Ω—É—Ç—å –≤–∞–º –≤ —Å–ª–µ–¥—É—é—â–∏–µ –º–µ—Å—Ç–∞:
- –í–æ–ª—à–µ–±–Ω—É—Ç—ã–π –∫–æ—Ñ–µ - –∑–¥–µ—Å—å –≤—ã –Ω–µ –ø—Ä–æ—Å—Ç–æ –º–æ–∂–µ—Ç–µ –∑–∞–∫–∞–∑–∞—Ç—å —Å–≤–µ–∂–µ—Å–≤–∞—Ä–µ–Ω–Ω—ã–π –∫–æ—Ñ–µ –∏ –ø–µ—Ä–µ–∫—É—Å–∏—Ç—å –∞–ø–ø–µ—Ç–∏—Ç–Ω—ã–º –¥–µ—Å–µ—Ä—Ç–æ–º, –Ω–æ –∏ –ø–æ–ª—É—á–∏—Ç—å –ø—Ä–æ—Ñ–µ—Å—Å–∏–æ–Ω–∞–ª—å–Ω–æ–µ –ø—Ä–µ–¥—Å–∫–∞–∑–∞–Ω–∏–µ. –î–æ—Å—Ç–∞—Ç–æ—á–Ω–æ –º–∏—Å—Ç–∏—á–Ω–æ?
üìå —É–ª. –ü–µ—Ç—Ä–æ–≤–∫–∞, 30/7
- –î–æ–º –≤ –∫–æ—Ç–æ—Ä–æ–º - –∫—Ä–∞—Ñ—Ç–æ–≤—ã–π –±–∞—Ä, —Å—Ç–∏–ª–∏–∑–æ–≤–∞–Ω–Ω—ã–π –ø–æ–¥ —Ä—É–∏–Ω–Ω—ã–π –±–∞—Ä. –ê—Ç–º–æ—Å—Ñ–µ—Ä–∞ —ç—Ç–æ–≥–æ –º–µ—Å—Ç–∞ –ø—É–≥–∞–µ—Ç –∏ —á–∞—Ä—É–µ—Ç –æ–¥–Ω–æ–≤—Ä–µ–º–µ–Ω–Ω–æ.
üìå —É–ª. –ü–æ–∫—Ä–æ–≤–∫–∞, 14/2—Å3
",https://disk.yandex.ru/i/c0jPuho_Skb5tg,"https://yandex.ru/maps?rtext=55.762680,37.631064~55.768038,37.614592~55.770843,37.610627~55.749486,37.591494&rtt=pd"